project_id,split,top_level_domain,hierarchy_depth,labels_direct,english_text,turkish_text,translation_model,review_status,meaning_preserved,terminology_quality,fluency,notes
671563,validation,4g,7,4g;5g;climatic_change_mitigation;climatic_changes;software,"The overall objective of Flex5Gware is to deliver highly reconfigurable hardware (HW) platforms together with HW-agnostic software (SW) platforms targeting both network elements and devices and taking into account increased capacity, reduced energy footprint, as well as scalability and modularity, to enable a smooth transition from 4G mobile wireless systems to 5G.As it will be argued in the proposal, this approach will be necessary so that 5G HW/SW platforms can meet the requirements imposed by the anticipated exponential growth in mobile data traffic (1000 fold increase) together with the large diversity of applications (from low bit-rate/power power for M2M to interactive and high resolution applications).Flex5Gware will adopt a holistic approach performing research and implementations on key building blocks of 5G (and cooperations among them) to provide versatile, flexible, reconfigurable, efficient operations for HW/SW platforms. The development of this concept entails many system design challenges that will be solved through disruptive technologies. E.g., analogue components to enable massive MIMO for mmWave, full duplex (simultaneous transmission and reception) for 5G waveforms, or reconfigurable SW architectures with interface abstractions for flexible control and management mechanisms across heterogeneous wireless devices and access networks.Flex5Gware will evaluate and demonstrate the developed 5G technologies, in terms of proofs-of-concept, which will be showcased in a demonstration event where all the partners in the consortium will participate. The Flex5Gware consortium includes large industry leaders from infrastructure providers (ALUD, EAB and NEC), semiconductor manufacturers (IMC) and network operators (TI) as well as leading research institutions and academia and is reinforced with the participation of three SMEs. This powerful consortium, together with the measures detailed in the proposal, ensure a huge impact of the Flex5Gware results.","Flex5Gware'in genel amacı, hem ağ elemanlarını hem de cihazları hedefleyen HW-agnostik yazılım (SW) platformları ile birlikte yüksek derecede yeniden yapılandırılabilir donanım (HW) platformları sunmak ve 4G mobil kablosuz sistemlerden 5G'ye sorunsuz bir geçiş sağlamak için artan kapasite, azaltılmış enerji ayak izi ve modülerlik göz önünde bulundurularak, bu yaklaşımın uygulanabilirliğini sağlamaktır. Bu konseptin geliştirilmesi, yıkıcı teknolojiler aracılığıyla çözülecek birçok sistem tasarımı zorluklarını gerektirir. Örneğin, 5G dalga formları için büyük MIMO, tam dubleks (simultan iletim ve resepsiyon) veya heterojen kablosuz cihazlar ve erişim ağları arasında esnek kontrol ve yönetim mekanizmaları için arayüz soyutlamaları ile yeniden yapılandırılabilir SW mimarilerini etkinleştirmek için analog bileşenler.Flex5Gware, tüm ortakların katılacağı bir gösteri etkinliğinde, geliştirilmiş 5G teknolojilerini değerlendirecek ve gösterecektir. Flex5Gware konsorsiyumu, altyapı sağlayıcılarından (ALUD, EAB ve NEC), yarı iletken üreticilerden (IMC) ve ağ operatörlerinden (TI) büyük endüstri liderlerinin yanı sıra önde gelen araştırma kurumlarını ve akademiyi içerir ve üç KOBİ'nin katılımıyla güçlendirilmiştir. Bu güçlü konsorsiyum, öneride ayrıntılı olarak açıklanan önlemlerle birlikte Flex5Gware sonuçlarının büyük bir etkisini sağlamaktadır.",Helsinki-NLP/opus-mt-en-tr,pending,pending,pending,pending,Pending human expert translation review.
673403,validation,5g,7,5g;business_models;fibre_optics;global_navigation_satellite_system;satellite_technology,"The project aims at distributing ultra-accurate and traceable timing through optical fibres. The goal is to provide traceable, accurate and cost-effective timing information for the Galileo Time System and for customers requiring highly dependable distributed synchronization applications. The target customers include government authorities as European Galileo Agency (for the Galileo surface segment) and customers in Telecom, Smart-Grid, stock market (high frequency trading) and highly accurate positioning markets (conventionally dependent on satellite signals). The use of terrestrial timing distribution allows National Metrology Institutes (NMIs) in charge of Galileo Time Validation Facility to compare their clocks and steer to UTC, maximizing the traceability of Galileo System Time and enhancing its accuracy. In addition, this allows deploying a terrestrial time network for industrial applications, traceable with respect to UTC and Galileo, robust against satellite signal vulnerability problems and providing redundant time services for critical infrastructures. This is possible with the emergent White Rabbit (WR) solution which is a sub-nanosecond accurate timing technology originally born at CERN for scientific facilities. WR is an extension of the standard Ethernet based on time distribution standards. As an extension of Ethernet, it can be easily integrated with existing communication networks at negligible bandwidth cost and can distribute time and frequency signals with 100 ps accuracy over distances longer than 1000 Km. The purpose of this project is to confirm a business plan and develop in detail an appropriate strategy to penetrate the market. This includes a proper market analysis (existing markets and emergent applications), partnership strategies and concrete commercialization plan for those sectors. In phase 1, we will focus on exploring the specific characteristics of different potential customers and final application sectors.","Proje, optik fiberler aracılığıyla ultra doğru ve izlenebilir zamanlamanın dağıtılmasını amaçlamaktadır. Amaç, Galileo Zaman Sistemi ve son derece güvenilir dağıtılmış senkronizasyon uygulamaları gerektiren müşteriler için izlenebilir, doğru ve uygun maliyetli zamanlama bilgileri sağlamaktır. Hedef müşteriler arasında Avrupa Galileo Ajansı (Galileo yüzey segmenti için) olarak hükümet yetkilileri ve Telekom, Smart-Grid, borsa (yüksek frekanslı ticaret) ve son derece doğru konumlandırma pazarları (geleneksel olarak uydu sinyallerine bağımlı) müşterileri bulunmaktadır. Karasal zamanlama dağılımının kullanılması, Galileo Zaman Doğrulama Tesisi'nden sorumlu Ulusal Metroloji Enstitülerinin (NMI'ler) saatlerini karşılaştırmasına ve UTC'ye yönlendirmesine, Galileo Sistem Zamanı'nın izlenebilirliğini maksimize etmesine ve doğruluğunu artırmasına izin verir. Buna ek olarak, bu, UTC ve Galileo'ya göre izlenebilir, uydu sinyal açığı sorunlarına karşı sağlam ve kritik altyapılar için gereksiz zaman hizmetleri sağlayan endüstriyel uygulamalar için karasal bir zaman ağının konuşlandırılmasına izin verir. Bu, başlangıçta bilimsel tesisler için CERN'de doğan bir nanosaniye altı doğru zamanlama teknolojisi olan ortaya çıkan Beyaz Tavşan (WR) çözümü ile mümkündür. WR, standart Ethernet'in zaman dağıtım standartlarına dayalı bir uzantısıdır. Ethernet'in bir uzantısı olarak, mevcut iletişim ağlarıyla ihmal edilebilir bant genişliği maliyetiyle kolayca entegre edilebilir ve zaman ve frekans sinyallerini 1000 Km'den daha uzun mesafelerde 100 ps doğrulukla dağıtabilir. Bu projenin amacı, bir iş planını onaylamak ve pazara nüfuz etmek için uygun bir stratejiyi ayrıntılı olarak geliştirmektir. Bu, uygun bir pazar analizi (mevcut pazarlar ve ortaya çıkan uygulamalar), ortaklık stratejileri ve bu sektörler için somut ticarileştirme planını içerir. Birinci aşamada, farklı potansiyel müşterilerin ve son uygulama sektörlerinin özel özelliklerini keşfetmeye odaklanacağız.",Helsinki-NLP/opus-mt-en-tr,pending,pending,pending,pending,Pending human expert translation review.
694386,validation,absorption_spectroscopy,5,absorption_spectroscopy;fuel_cells;geometry;organic_acids;proteins,"In recent years water near surfaces and solutes has been observed to be differently structured andto show slower reorientation and hydrogen-bond dynamics than in bulk. Aqueous proton transfer isa process that strongly relies on the structure and dynamics of the hydrogen-bond network of liquidwater and that often occurs near surfaces. Examples are thylakoid and mitochondrial membranes andthe nanochannels of transmembrane proteins and fuel cells. An important but experimentally largelyunexplored area of research is how the rate and mechanism of aqueous proton transfer change due tothe surface-induced structuring of the water medium. Theoretical work showed that the structuring andnano-confinement of water can have a strong effect on the proton mobility. Recently, experimental tech-niques have been developed that are capable of probing the structural dynamics of water molecules andproton-hydration structures near surfaces. These techniques include heterodyne detected sum-frequencygeneration (HD-SFG) and two-dimensional HD-SFG (2D-HD-VSFG).I propose to use these and other advanced spectroscopic techniques to study the rate and molecular mech-anisms of proton transfer through structured aqueous media. These systems include aqueous solutionsof different solutes, water near extended surfaces like graphene and electrically switchable monolayers,and the aqueous nanochannels of metal-organic frameworks. These studies will provide a fundamen-tal understanding of the molecular mechanisms of aqueous proton transfer in natural and man-made(bio)molecular systems, and can lead to the development of new proton-conducting membranes andnanochannels with applications in fuel cells. The obtained knowledge can also lead to new strategiesto control proton mobility, e.g. by electrical switching of the properties of the water network at surfacesand in nanochannels, i.e. to field-effect proton transistors.","Son yıllarda yüzeye yakın su ve çözünen suların farklı yapılandırılmış olduğu ve kütleye göre daha yavaş reorientasyon ve hidrojen-bağ dinamikleri gösterdiği gözlemlenmiştir. Sulu proton transferi, sıvı suyun hidrojen bağı ağının yapısına ve dinamiklerine güçlü bir şekilde dayanan ve genellikle yüzeylerin yakınında meydana gelen bir süreçtir. Örnekler tilakoid ve mitokondriyal membranlar ve transmembran proteinlerin ve yakıt hücrelerinin nanokanallarıdır. Önemli ama deneysel olarak büyük ölçüde keşfedilmemiş bir araştırma alanı, sulu proton transfer hızının ve mekanizmasının su ortamının yüzey kaynaklı yapılanması nedeniyle nasıl değiştiğidir. Teorik çalışmalar suyun yapılandırılması ve nano-konfine edilmesinin proton hareketliliği üzerinde güçlü bir etkiye sahip olabileceğini göstermiştir. Son zamanlarda, yüzeylerin yakınındaki su moleküllerinin ve proton-hidrasyon yapılarının yapısal dinamiklerini araştırabilen deneysel teknoloji-niques geliştirilmiştir. Bu teknikler arasında heterodyne tespit edilmiş toplam frekans üretimi (HD-SFG) ve iki boyutlu HD-SFG (2D-HD-VSFG) bulunmaktadır.Yapılı sulu ortam aracılığıyla proton transferinin hızını ve moleküler mech-anizmlerini incelemek için bu ve diğer gelişmiş spektroskopik teknikleri kullanmayı öneriyorum. Bu sistemler, farklı çözünmüş sulu çözeltileri, grafen ve elektrikle değiştirilebilir monokaterler gibi genişletilmiş yüzeylere yakın su ve metal-organik çerçevelerin sulu nanokanallarını içerir. Bu çalışmalar, doğal ve insan yapımı (biyo) moleküler sistemlerde sulu proton transferinin moleküler mekanizmalarının fonamen-tal anlayışını sağlayacak ve yakıt hücrelerinde uygulamalarla yeni proton iletken membranlar ve nanokanalların geliştirilmesine yol açabilir. Elde edilen bilgi, proton hareketliliğini kontrol etmek için yeni stratejilere de yol açabilir, örneğin su şebekesinin özelliklerinin yüzeylerde ve nanokanallarda elektriksel olarak değiştirilmesi, yani alan etkisi proton transistörlerine.",Helsinki-NLP/opus-mt-en-tr,pending,pending,pending,pending,Pending human expert translation review.
790882,validation,access_control,5,access_control;business_models;internet_of_things;mobile_phones;smart_cities,"HomyHub GARAGE is a “plug and play device” for garage openers that turns any Smartphone into a smart garage remote control. Allowing users to control, monitor, and manage the access to their garage, anywhere and at anytime from their smartphone.In this 6 months project we are focusing on finding new business partners in EU countries and finalise our prototype, to make it commercial viable product. The main objective of our SME1 project is to gain proof of evidence that HomyHub’s product can be commercialized at a full speed from 2018 . For this, we have identified two important challenges to commercially fully exploit HomyHub’s product: 1) Our ambition is to become a worldwide leader in IoT devices for garage access. HomyHub is a young, fastly growing startup that is revolutionizing the world of smart mobility through delivering cutting edge technologies for garage access control. HomyHub has a balanced and very competitive founding team from Spain with strong IoT background: more than 40 years combined experience in Hardware, Firmware, Software and Business development. Our goal: to make a global business plan through the implementation of a feasibility study in this proposed Phase 1 (SMEi-1), to reach an international business uptake.","HomyHub GARAGE, herhangi bir Smartphone'u akıllı bir garaj uzaktan kumandasına dönüştüren garaj açıcılar için bir ""plug and play cihazı"" dır. Kullanıcıların akıllı telefonlarından garajlarına erişimi kontrol etmelerine, izlemelerine ve yönetmelerine olanak tanır.Bu 6 aylık projede, AB ülkelerinde yeni iş ortakları bulmaya ve prototipimizi ticari olarak uygulanabilir hale getirmeye odaklanıyoruz. KOBİ1 projemizin temel amacı, HomyHub ürününün 2018'den itibaren tam bir hızda ticarileştirilebileceğine dair kanıt elde etmektir. Bunun için HomyHub'ın ürününü ticari olarak tamamen kullanmak için iki önemli zorluk belirledik: 1) Hırsımız, garaj erişimi için IoT cihazlarında dünya çapında bir lider olmaktır. HomyHub, garaj erişim kontrolü için en son teknolojileri sunarak akıllı mobilite dünyasında devrim yaratan genç, hızlı büyüyen bir girişimdir. HomyHub, güçlü IoT geçmişine sahip İspanya'dan dengeli ve çok rekabetçi bir kurucu ekibe sahiptir: Donanım, Firmware, Yazılım ve İş geliştirme alanında 40 yıldan fazla bir süredir birleştirilmiş deneyim. Amacımız: uluslararası bir iş alımına ulaşmak için önerilen bu Faz 1 (SMEi-1) 'de bir fizibilite çalışmasının uygulanması yoluyla küresel bir iş planı yapmak.",Helsinki-NLP/opus-mt-en-tr,pending,pending,pending,pending,Pending human expert translation review.
805912,validation,acoustics,5,acoustics;climatic_changes;colors;corruption;forestry,"Many tropical woods are highly esteemed for making musical instruments and for making high quality cues for billiard sports, owed to their excellent physical properties, such as high hardness, resistance to moisture, acoustics. However, they suffer from overexploitation, which has led to severe ecological (climate change), economical (disappearance of classical occupations, trade restrictions), political (piracy, corruption, illegal trade), cultural and societal consequences. In order to counteract the extinction of tropical forest more than 180 countries have increased their efforts to fight against the illegal logging and trade of tropical woods (CITES). Consequently, trade of and travelling with tropical wood containing goods is being strictly controlled and prosecuted in the absence of a legality proof. This results in a pain for both B-to-B customers as well as the end-customers (e.g) musicians. To solve these problems, there is an urgent need for sustainable alternative materials to replace the tropical woods. Swiss Wood Solutions AG (SWS) has developed a real wooden substitute material –the Swiss Ebony Line, a technologically enhanced wood material made of European wood species from certified sustainable forests. The product line features similar or even better physical properties (such as hardness, density, acoustics) than the natural tropical woods. The objective of the project is to upscale the established process in terms of product dimensions (size) as well as annual production volume, in order to enter the markets of bigger stringed musical instruments (guitars, cellos etc.) marimbas and the market of cue sports. Furthermore, a comprehensive market analysis for application fields and intensive marketing activities are the other important project objectives, which will definitely help SWS to enter the market quicker and grow faster.","Birçok tropikal orman, müzik aletleri yapmak ve bilardo sporları için yüksek sertlik, neme karşı direnç, akustik gibi mükemmel fiziksel özelliklerine borçlu olan yüksek kaliteli ipuçları yapmak için son derece saygındır. Bununla birlikte, ciddi ekolojik (iklim değişikliği), ekonomik (klasik işgallerin ortadan kalkması, ticaret kısıtlamaları), politik (korsanlık, yolsuzluk, yasadışı ticaret), kültürel ve toplumsal sonuçlara yol açan aşırı sömürüden muzdariptirler. Tropikal ormanların yok olmasına karşı koymak için 180'den fazla ülke, yasadışı ağaç kesimine ve tropik orman ticaretine (CITES) karşı mücadele çabalarını artırdı. Sonuç olarak, mal içeren tropikal ahşap ile ticaret ve seyahat, yasallık kanıtı yokluğunda sıkı bir şekilde kontrol edilmekte ve kovuşturulmaktadır. Bu, hem B-to-B müşterileri hem de son müşteriler (örneğin) müzisyenler için bir acı ile sonuçlanır. Bu sorunları çözmek için, tropikal ormanların yerini almak için sürdürülebilir alternatif malzemelere acil ihtiyaç vardır. Swiss Wood Solutions AG (SWS), gerçek bir ahşap yedek malzeme geliştirdi - İsviçre Abanoz Hattı, sertifikalı sürdürülebilir ormanlardan Avrupa ahşap türlerinden yapılmış teknolojik olarak geliştirilmiş bir ahşap malzeme. Ürün hattı, doğal tropikal ormanlara göre benzer veya daha iyi fiziksel özelliklere (sertlik, yoğunluk, akustik gibi) sahiptir. Projenin amacı, daha büyük telli müzik aletleri (gitarlar, çellolar vb.) marimbas ve cue spor pazarının pazarlarına girmek için, ürün boyutları (boyut) ve yıllık üretim hacmi açısından belirlenen süreci yükseltmektir. Ayrıca, uygulama alanları ve yoğun pazarlama faaliyetleri için kapsamlı bir pazar analizi, SWS'nin pazara daha hızlı girmesine ve daha hızlı büyümesine kesinlikle yardımcı olacak diğer önemli proje hedefleridir.",Helsinki-NLP/opus-mt-en-tr,pending,pending,pending,pending,Pending human expert translation review.
645987,validation,additive_manufacturing,5,additive_manufacturing;composites;recycling;sustainable_economy;system_software,"Sport Infinity aims to identify and develop innovative partly waste-based long-fibre reinforced composites enabling the automatic production of easily customisable plastic sports goods. The project will focus on the production of balls and shoes and will adopt a design-driven approach exploiting the automation potential of rotation moulding processes, which offer significant design freedom. The innovation potential of the moulding processes to be employed originates from their capacity of bonding together a multitude of different materials, while effecting external product shaping without using glue and/or other adhesives. The starting point is the development of composite materials superimposed in the form of layers in variable ways according to the targeted (custom) shape and the required properties. The insertion of decorative elements in the mould will enable design custom designs, along with 3D printing. An end-to-end collaborative design innovation will be adopted. The Sport Infinity consortium gathers expertise across the value chain from design to material development, production, marketing and distribution and across multiple disciplines industrial design, material science, recycling and industrial processes. The new flexible automatic production, can set a paradigm of competitive production Made in Europe favouring ranging from modular factories to in-store production cells.","Sport Infinity, kolayca özelleştirilebilir plastik spor ürünlerinin otomatik üretimini sağlayan, kısmen atık bazlı uzun elyaf takviyeli kompozitleri tanımlamayı ve geliştirmeyi amaçlamaktadır. Proje, top ve ayakkabı üretimine odaklanacak ve önemli tasarım özgürlüğü sunan rotasyon kalıplama süreçlerinin otomasyon potansiyelini kullanan tasarım odaklı bir yaklaşım benimseyecek. Kullanılacak kalıplama süreçlerinin inovasyon potansiyeli, çok sayıda farklı malzemeyi birbirine bağlama kapasitelerinden kaynaklanırken, yapıştırıcı ve / veya diğer yapıştırıcılar kullanmadan dış ürün şekillendirmesini etkiler. Başlangıç noktası, hedeflenen (özel) şekle ve gerekli özelliklere göre katmanlar şeklinde değişken şekillerde üst üste konulan kompozit malzemelerin geliştirilmesidir. Dekoratif elemanların kalıp içine yerleştirilmesi, 3D baskı ile birlikte özel tasarımların tasarlanmasını sağlayacaktır. Uçtan uca bir işbirlikçi tasarım yeniliği benimsenecek. Sport Infinity konsorsiyumu, değer zinciri boyunca tasarımdan malzeme geliştirmeye, üretime, pazarlamaya ve dağıtıma ve birden fazla disiplinde endüstriyel tasarım, malzeme bilimi, geri dönüşüm ve endüstriyel süreçlere kadar uzmanlık toplamaktadır. Yeni esnek otomatik üretim, modüler fabrikalardan mağaza içi üretim hücrelerine kadar Avrupa'da üretilen rekabetçi üretim paradigmasını belirleyebilir.",Helsinki-NLP/opus-mt-en-tr,pending,pending,pending,pending,Pending human expert translation review.
687132,validation,aeronautical_engineering,6,aeronautical_engineering;aircraft;computational_fluid_dynamics;liquid_fuels;public_transport,"Nowadays, almost all General Aviation piston-powered aircrafts are powered by Avgas fuel. For decades, piston engines like Lycoming and Continental were allowed to burn only this type of fuel, which is characterized by high-octane values, very low vapor pressure indexes and high costs because of its poor production quantity, tracked and certified production and high performances.The “compression ignition” engine can provide a fuel consumption reduction from 30% to 50% compared to Avgas engine. An additional benefit of the replacement of Avgas piston engine with a diesel engine is obtained due to the reduced fuel price.This “compression ignition” piston engines are able and certified to operate with kerosene and/or Jet fuels, so their use is justified in areas, such as Europe, Africa, Russia, China and many others, where aviation gasoline (Avgas, also known as 100LL) cost is significantly higher than jet fuels.Therefore the objective of this project is to demonstrate the feasibility of an efficient “diesel” engine installation on a FAR/EASA Part23, 9 to 11 seats twin engine aircraft configuration and reduce as much as possible the related increase in drag, respect to a conventional engine, by using Computational Fluid Dynamics (CFD) in the design phase.In order to achieve this goal the SR460, a six-cylinders, air/oil-cooled turbo-diesel engine produced by SMA, will be used as reference and installed on the TECNAM P2012 TRAVELLER aircraft. The main advantages are reported as following:•The average fuel consumption will be of around 45kg/hr/engine against an average of 130kg/hr of a turboprop engine;•P2012 will be the first twin engine aircraft available in both """"Avgas"""" and """"kerosene"""" capable variants;•P2012 with SR460 will have a very competitive acquisition cost, comparable to the same-passengers’ capability of the single engine turboprop. """"","Günümüzde, neredeyse tüm Genel Havacılık pistonlu uçaklar Avgas yakıtı ile güçlendirilmiştir. Onlarca yıldır, Lycoming ve Continental gibi pistonlu motorların, düşük üretim miktarı, takip ve sertifikalı üretim ve yüksek performansları nedeniyle yüksek oktan değerleri, çok düşük buhar basıncı indeksleri ve yüksek maliyetlerle karakterize edilen sadece bu tür yakıtı yakmasına izin verildi. ""Baskı ateşleme"" motoru, Avgas motoruna kıyasla% 30 ila% 50 arasında bir yakıt tüketimi azaltması sağlayabilir. Avgas pistonlu motorun dizel motorla değiştirilmesinin ek bir yararı, azaltılmış yakıt fiyatı nedeniyle elde edilir.Bu ""kompresyon ateşleme"" pistonlu motorlar, gazyağı ve / veya Jet yakıtlarıyla çalışacak şekilde sertifikalandırılmıştır, bu nedenle kullanımları Avrupa, Afrika, Rusya, Çin ve daha birçok alanda haklıdır. havacılık benzini (Avgas, 100LL olarak da bilinir) maliyeti jet yakıtlarından önemli ölçüde yüksektir.Bu projenin amacı Ana avantajları aşağıdaki gibi bildirilmiştir: Ortalama yakıt tüketimi, bir turboprop motorun ortalama 130kg / saate karşı yaklaşık 45kg / saat / motor olacak;P2012, hem ""Avgas"" hem de ""kerozen"" yetenekli varyantlarda mevcut olan ilk ikiz motor uçağı olacak;P2012, SR460 ile aynı yolcunun tek turboprop kapasitesiyle karşılaştırılabilir, çok rekabetçi bir satın alma maliyetine sahip olacak. ""...",Helsinki-NLP/opus-mt-en-tr,pending,pending,pending,pending,Pending human expert translation review.
790820,validation,agriculture,6,agriculture;drones;nutrition;pollution;software_development,"The objective of the feasibility study is to create a strategy for introduction of the novel crop monitoring and diagnosing device into the global market and prepare a business plan for its commercialization. The device is capable to diagnose growing conditions of plants as well as to determine deficiency of main macro-elements (N, P, K) and micro-elements (Fe, B, Mn, Zn, Cu, Mo) during the plant vegetation period.The spectrophotometer is an innovative crop monitoring and diagnosing device, that could initially be used by crop farmers in the European Union and subsequently in other countries worldwide. The spectrophotometer would be a complete novelty in the market and it would allow users to solve the following issues in their farming process:- Reduce over and under – fertilization of crop, by allowing to determine the lack of specific macro and micronutrients in the plants;-Significantly reduce expenditures needed for fertilizers and other supportive farming inputs;-Reduce contamination of arable land (by consistently applying the correct amounts of macro and micronutrients, the farmer will reduce unwantedeffects of chemical elements on the soil);-Increase output yields and reduce food waste, creating a more environmentally friendly and self-sustainable farm in the future, less reliant on subsidies.","Fizibilite çalışmasının amacı, yeni ürün izleme ve teşhis cihazının küresel pazara tanıtılması için bir strateji oluşturmak ve ticarileştirilmesi için bir iş planı hazırlamaktır. Cihaz bitki örtüsü döneminde bitkilerin büyüme koşullarını teşhis etmenin yanı sıra ana makro elementlerin (N, P, K) ve mikro elementlerin (Fe, B, Mn, Zn, Cu, Mo) eksikliğini belirleme yeteneğine sahiptir. Spektrofotometre, başlangıçta Avrupa Birliği'nde ve daha sonra dünya çapında ekin çiftçileri tarafından kullanılabilecek yenilikçi bir ürün izleme ve teşhis cihazıdır. Spektrofotometre piyasada tam bir yenilik olacak ve kullanıcıların çiftçilik süreçlerinde aşağıdaki sorunları çözmelerine izin verecekti: - Üzerine ve altına azaltın - ekin gübrelenmesi, bitkilerde belirli makro ve mikrobesinlerin eksikliğini belirlemeye izin vererek; - Gübreler ve diğer destekleyici tarım girdileri için gerekli harcamaları önemli ölçüde azaltın; - Ekilebilir arazinin kirlenmesini azaltın (doğru miktarda makro ve mikrobesinleri tutarlı bir şekilde uygulayarak).",Helsinki-NLP/opus-mt-en-tr,pending,pending,pending,pending,Pending human expert translation review.
750795,validation,agronomy,6,agronomy;bacteriology;climatic_changes;enzymes;productivity,"One of the main challenges for humanity during next decades will be to increase food production while using scarce resources and protecting the environment, being therefore one of the priorities of the European Program “Horizon 2020”. Plant’s productivity can be enhanced by the activity of Plant Growth-Promoting (PGP) bacteria, applied in agricultural fields as biofertilizers or plant probiotics, constituting an environmental friendly manner to increase crop yields. Biofertilizers have been applied in agriculture during decades, but in many cases bacteria which showed great PGP potential in lab conditions, fail when applied in natural soils, probably because they are out-competed by the soil native microbial populations or they are unable to adapt to the new environmental conditions.Based on the model Rhizobium-clover, it is known that bacterial cellulases are crucial in the bacterial entrance into the root. Nevertheless, the implication of these enzymes in the active entrance of bacterial endophytes in non-legume crops has not been studied yet. This project aims to research, using a trascriptomic approach and endophytes mutant strains isolation, the role of cellulases in the capability of endophytes to enter non-legume plant roots, using rapeseed (B. napus) as model plant. If cellulase encoding genes enable active root infection, giving an advantage over passive mechanisms, selection of bacterial strains not only on the base of their PGP capacity, but also on their ability to enter the plant -where they have less competitors and are protected from abiotic stresses-, will allow the design of more efficient bacterial biofertilizers. The ultimate goal of this project is to lay the firm foundations for the development of biological microbial-based fertilizers which shall allow the reduction or even suppression of chemical fertilizers (dangerous for human health and environment and contributing to the climate change) while maintaining or increasing crops production.","Önümüzdeki on yıllar boyunca insanlık için en büyük zorluklardan biri, kıt kaynakları kullanırken ve çevreyi korurken gıda üretimini artırmak, bu nedenle Avrupa Programı “Horizon 2020” nin önceliklerinden biri olmaktır. Bitkinin üretkenliği, tarımsal alanlarda biyo gübre veya bitki probiyotikleri olarak uygulanan ve mahsul verimini artırmak için çevre dostu bir yöntem oluşturan Bitki Büyüme Teşviki (PGP) bakterilerinin etkinliği ile arttırılabilir. Biyo gübreler on yıllar boyunca tarımda uygulanmıştır, ancak birçok durumda laboratuvar koşullarında büyük PGP potansiyeli gösteren bakteriler, doğal topraklarda uygulandığında başarısız olur, muhtemelen toprak yerli mikrobiyal popülasyonları tarafından rekabet edilmezler veya yeni çevresel koşullara uyum sağlayamazlar.Rizobyum-klover modeline dayanarak, bakterisel selülazların köke bakteriyel girişte çok önemli olduğu bilinmektedir. Bununla birlikte, bu enzimlerin bakteriyel endofitlerin aktif girişinde, lejyon dışı mahsullerde iması henüz incelenmemiştir. Bu proje, transkriptomik bir yaklaşım kullanarak ve mutant suşların izolasyonunu endofitlerin endofit olmayan bitki köklerine girme kabiliyetinde selülazların rolünü model bitki olarak kolza tohumu (B. napus) kullanarak araştırmayı amaçlamaktadır. Eğer selülaz kodlama genleri aktif kök enfeksiyonunu etkinleştirirse, pasif mekanizmalara karşı avantaj sağlayarak, bakteri suşlarının seçimi sadece PGP kapasitelerinin tabanında değil, aynı zamanda bitkiye girme yeteneklerine - daha az rakibi olan ve abiyotik streslerden korunan - daha verimli bakteriyel biyo gübrelerin tasarlanmasına izin verecektir. Bu projenin nihai amacı, bitki üretimini sürdürürken veya artırırken kimyasal gübrelerin (insan sağlığı ve çevre için tehlikeli ve iklim değişikliğine katkıda bulunan) azaltılmasına veya hatta bastırılmasına izin verecek biyolojik mikrobiyal bazlı gübrelerin geliştirilmesi için sağlam temeller atmaktır.",Helsinki-NLP/opus-mt-en-tr,pending,pending,pending,pending,Pending human expert translation review.
831138,validation,air_pollution_engineering,6,air_pollution_engineering;bluetooth;internet_of_things;smart_cities;smart_sensors,"SCENE is building an integrated security system for vehicular network, for both IoT based data collection and multimedia secured content delivery. The content delivery platform is intelligent enough to be deployed in both IoT mode and in the stand alone mode to deliver contents to subscribed smart application. SCENE adopts a radically different view on the type of infrastructure needed for mid-size municipalities : SCENE is an open mobile platform for smart city applications, supporting different IoT wireless access networks (while providing an excellent level of infrastructure cybersecurity. By using the public transport network, municipalities will achieve complete coverage with less investment in infrastructure. SCENE is based on six pillars:, security, system integrity, scalability, elasticity, visualization, interoperability with external services, and easy management. In order to achieve these six pillars, four modules will be introduced. A security module for both data and communication which will be provided by CEA. Second, a smart gateway for mobile IoT/Content delivery control, aggregation and transmission provided by JCPC. The proposed gateway ensures both scalability and elasticity. Third, a service platform that proposes a powerful IoT oriented architecture to provide interoperability and added value services for integration and data analytics, ensuring scalability and elasticity of the system as well as system integrity by ALMAVIVA.The proposed service platform supports integrated data analytics services among other services. Aa dashboard module is introduced to ensure the ease of management of all system components as well as data visualization. The overall system integration will be implemented by VISIONWARE together with the different municipalities involved. The bus network of Catania in the Italian Sicily Region will be the first SCENE field trial, coupled with a field trial in Rennes city in France, and in Portugal.","SCENE, hem IoT tabanlı veri toplama hem de multimedya güvenli içerik dağıtımı için araç ağı için entegre bir güvenlik sistemi inşa ediyor. İçerik dağıtım platformu, hem IoT modunda hem de abone akıllı uygulamaya içerik sunmak için tek başına modda konuşlandırılacak kadar akıllıdır. SCENE, orta büyüklükteki belediyeler için ihtiyaç duyulan altyapı türü hakkında radikal olarak farklı bir görüş benimser: SCENE, akıllı şehir uygulamaları için açık bir mobil platformdur ve farklı IoT kablosuz erişim ağlarını destekler (mükemmel bir altyapı siber güvenlik seviyesi sağlarken). Toplu taşıma ağını kullanarak, belediyeler altyapıya daha az yatırım yaparak tam kapsama sağlayacaktır. SCENE altı sütuna dayanmaktadır: güvenlik, sistem bütünlüğü, ölçeklenebilirlik, esneklik, görselleştirme, dış hizmetlerle birlikte çalışabilirlik ve kolay yönetim. Bu altı sütuna ulaşmak için dört modül tanıtılacaktır. CEA tarafından sağlanacak hem veri hem de iletişim için bir güvenlik modülü. İkincisi, JCPC tarafından sağlanan mobil IoT / İçerik dağıtım kontrolü, toplama ve iletim için akıllı bir ağ geçidi. Önerilen ağ geçidi hem ölçeklenebilirliği hem de esnekliği sağlar. Üçüncüsü, entegrasyon ve veri analitiği için birlikte çalışabilirlik ve katma değer hizmetleri sağlamak, sistemin ölçeklenebilirliğini ve esnekliğini sağlamak ve ALMAVIVA tarafından sistem bütünlüğünü sağlamak için güçlü bir IoT odaklı mimari öneren bir hizmet platformu.Önerilen hizmet platformu, diğer hizmetler arasında entegre veri analitiği hizmetlerini desteklemektedir. Aa gösterge paneli modülü, tüm sistem bileşenlerinin yönetim kolaylığının yanı sıra veri görselleştirmesini sağlamak için tanıtıldı. Genel sistem entegrasyonu, ilgili farklı belediyelerle birlikte VISIONWARE tarafından uygulanacaktır. İtalya Sicilya Bölgesi'ndeki Catania otobüs ağı, Fransa'nın Rennes kentinde ve Portekiz'de bir saha denemesiyle birleştiğinde ilk SCENE saha denemesi olacak.",Helsinki-NLP/opus-mt-en-tr,pending,pending,pending,pending,Pending human expert translation review.
734161,validation,air_traffic_management,6,air_traffic_management;aircraft;data_exchange;meteorology;radar,"One of the main obstacles of reaching Single European Sky’s objectives is management of flight trajectories. Inaccuracies are difficult to spot and information given to stakeholders about the trajectory is limited, arriving late, and full of inconsistencies and wrong assumptions. Military Flights are currently not integrated in the ATM-system, so demanding special treatment.Additionally, there is a lack of complete, updated, unique and coherent aeronautical and meteorological information at European level, which again limits the accuracy of the predicted trajectory and so difficult detecting incoming issues and designing optimum solutions.This project addresses solutions for the above limitations. Harmonized and global trajectory information sharing, including improved negotiation mechanisms, will enable significant operational benefits on flight management. The aim is to enable a unique and integrated view of all flights trajectories (including military ones) among the stakeholders. This is improved thanks to new tools and capabilities ensuring all stakeholders are managing a single, updated and complete view of the forecasted meteorology and airspace configuration.Both solutions above will increase safety and efficiency - a very important step towards ensuring that anyone can fly safer, cheaper and quicker in Europe in 10 years.As so many stakeholders are involved, this issue cannot be solved at national level. All stakeholders (mainly air navigation service providers, as well as air and ground industry partners) need to be involved as all will need to perform changes to ensure successful implementation. The SESAR 2020 Programme is the only place where this can happen.In this project we have ensured participation of the major ATM stakeholders which ensures having the knowledge and expertise to come up with the concepts, prototypes and platforms to provide sustainable results usable throughout Europe.","Single European Sky'ın hedeflerine ulaşmanın en büyük engellerinden biri uçuş rotalarının yönetimidir. Yanlışlıkları tespit etmek zordur ve paydaşlara yörünge hakkında verilen bilgiler sınırlıdır, geç gelir ve tutarsızlıklar ve yanlış varsayımlarla doludur. Askeri Uçuşlar şu anda ATM-sistemine entegre edilmemiştir, bu yüzden özel muamele talep etmektedir.Ayrıca, Avrupa düzeyinde tam, güncellenmiş, benzersiz ve tutarlı havacılık ve meteorolojik bilgi eksikliği vardır, bu da öngörülen yörüngenin doğruluğunu ve gelen sorunları tespit etmeyi ve optimum çözümler tasarlamayı tekrar sınırlar.Bu proje yukarıdaki sınırlamalar için çözümleri ele almaktadır. Geliştirilmiş müzakere mekanizmaları da dahil olmak üzere uyumlu ve küresel yörünge bilgi paylaşımı, uçuş yönetiminde önemli operasyonel faydalar sağlayacaktır. Amaç, paydaşlar arasında tüm uçuş rotalarının (askeri olanlar dahil) benzersiz ve entegre bir görünümünü sağlamaktır. Bu, tüm paydaşların öngörülen meteoroloji ve hava sahası konfigürasyonunun tek, güncel ve eksiksiz bir görünümünü yönetmesini sağlayan yeni araçlar ve yetenekler sayesinde geliştirilmiştir.Yukarıdaki her iki çözüm de güvenlik ve verimliliği artıracak - herkesin 10 yıl içinde Avrupa'da daha güvenli, daha ucuz ve daha hızlı uçabilmesini sağlamaya yönelik çok önemli bir adım.Birçok paydaş dahil olduğu gibi, bu konu ulusal düzeyde çözülemez. Tüm paydaşların (çoğunlukla hava seyrüsefer servis sağlayıcılarının yanı sıra hava ve yer endüstrisi ortakları) dahil olması gerekir, çünkü başarılı bir şekilde uygulanmasını sağlamak için değişikliklerin yapılması gerekecektir. SESAR 2020 Programı bunun gerçekleşebileceği tek yerdir.Bu projede, Avrupa çapında kullanılabilir sürdürülebilir sonuçlar sağlamak için konsept, prototip ve platformları ortaya çıkaracak bilgi ve uzmanlığa sahip olmayı sağlayan büyük ATM paydaşlarının katılımını sağladık.",Helsinki-NLP/opus-mt-en-tr,pending,pending,pending,pending,Pending human expert translation review.
855726,validation,aircraft,6,aircraft;business_models;drones;productivity;wind_energy,"Wind energy represents 25% of the new global installed electrical generation capacity, however, ground-based wind turbines (WTs) are estimated to supply only 18% of the world’s electricity by 2050, as current wind energy systems have major challenges limiting their commercial applications: heavy dependence of productivity on the prevailing weather and huge material needs, entailing low capacity factors, difficult and expensive transportation, troublesome installation and high costs.Our disruptive technology -Airborne Wind Energy, AWE- can harness the energy of the wind at high altitude to provide greater power output than conventional WTs, much higher capacity factors, exceeding 60% in good sites, using 95% less material needs per MW and avoiding all the associated issues. It replaces most of a conventional WT, namely the tower, blades and foundation by a much lighter and less expensive flying tethered aircraft.The reason for seeking wind at high altitude is that the wind blows faster and more constantly. Although conventional WTs are simply not viable in most areas, TwingTec can exploit high steady winds over most of the land area of the Earth.We firstly target the off-grid market relying on diesel generation, for the perfect combination of high energy costs and mobility requirements met by TwingTec: industrial off-takers and remote communities. LCOE estimations are €100-200/MWh, much cheaper than diesel generation. In the medium term, our products will address bigger scale promising markets as the off-shore segment in EU Islands, drastically decreasing LCOE. Unlike competitors, we have a proven technology, demonstrating our solution for automated Vertical Take-Off and Landing using integrated drone technology -patented-.TwingTec enables 2 business models: 1) OEM: TwingTec units are purchased and transport and installation costs are charged together with an annual O&M fee. 2) Energy as a Service: Off-grid electricity is paid to TwingTec on a per MWh basis.","Rüzgar enerjisi, yeni küresel kurulu elektrik üretim kapasitesinin% 25'ini temsil ediyor, ancak, yer tabanlı rüzgar türbinlerinin (WT'ler) 2050 yılına kadar dünya elektriğinin yalnızca% 18'ini tedarik ettiği tahmin ediliyor, çünkü mevcut rüzgar enerjisi sistemleri ticari uygulamalarını sınırlayan büyük zorluklara sahip: Mevcut hava koşullarına ve büyük malzeme ihtiyaçlarına karşı verimliliğin ağır bağımlılığı, düşük kapasite faktörleri, zor ve pahalı ulaşım, zahmetli kurulum ve yüksek maliyetler. Yıkıcı teknolojimiz - Havadan Rüzgar Enerjisi, AWE- Kule, bıçaklar ve temel olmak üzere geleneksel bir WT'nin çoğunu çok daha hafif ve daha az pahalı uçan bağlı uçaklarla değiştirir.Yüksek irtifada rüzgar aramanın nedeni, rüzgarın daha hızlı ve daha sürekli esmesidir. Geleneksel WT'ler çoğu alanda basitçe uygulanabilir olmasa da, TwingTec, Dünya'nın kara alanının çoğu üzerinde yüksek sabit rüzgarlardan yararlanabilir.TwingTec tarafından karşılanan yüksek enerji maliyetleri ve hareketlilik gereksinimlerinin mükemmel bir kombinasyonu için öncelikle dizel üretimine dayanan şebeke dışı pazarı hedef alıyoruz: endüstriyel devre dışı kalanlar ve uzak topluluklar. LCOE tahminleri  100-200 / MWh, dizel nesilden çok daha ucuzdur. Orta vadede, ürünlerimiz AB Adaları'ndaki off-shore segmenti olarak daha büyük ölçekli umut verici pazarlara hitap edecek ve LCOE'yi büyük ölçüde azaltacaktır. Rakiplerin aksine, entegre drone teknolojisi -patentli- kullanarak otomatik Dikey Kalkış ve İniş için çözümümüzü gösteren kanıtlanmış bir teknolojiye sahibiz.TwingTec 2 iş modeli sağlar: 1) OEM: TwingTec üniteleri satın alınır ve nakliye ve kurulum maliyetleri yıllık O&M ücreti ile birlikte tahsil edilir. 2) Hizmet Olarak Enerji: Şebeke dışı elektrik, MWh başına TwingTec'e ödenir.",Helsinki-NLP/opus-mt-en-tr,pending,pending,pending,pending,Pending human expert translation review.
876553,validation,alcohols,5,alcohols;ehealth;internet_of_things;mobile_phones;optical_sensors,"Drug addiction is a global problem; nearly 30 million illicit drug users worldwide suffer from problematic drug use. Kontigo Care AB is developing an innovative medical device – Previct Drugs - a robust, app-based, eHealth-platform for place unbound, continuous, voluntary, self-monitoring of drug use. It will constitute an add-on to Kontigo Care’s current eHealth offer developed for management of other addictive disorders (alcohol abuse and hazard gambling). Using smartphone cameras, patients suffering from drug addiction, will be identified, and asked to record a 10 s long video of their eyes. Analysis of eye biomarkers associated with pharmacodynamically induced pupil reactions (pupillometry) will yield instant results on drug use/sobriety. Our unique, disruptive Internet of Thing (IoT)-based approach is designed to combine continuous monitoring of drug use and daily mood/cravings, with communication tools aimed at improving the impact of distance care. Real-time results become instantly available to caregivers through our cloud-based Care Portal, allowing fast interventions and correct patient prioritisation. This eHealth solution will drive healthcare digitalisation resulting in extreme cost-efficiency of out-patient treatments as well as convenience and complete privacy during drug screenings. A sophisticated AI-system will assess personal risks of relapse and transform addiction management to become proactive instead of reactive. This approach has the potential to enhance personalised therapy outcomes by ensuring that help can be provided fast to the patients who need it the most. The project objective is to prepare for commercialisation of the Previct Drugs module by determining the most efficient routes for gaining clinical and market acceptance by validating the product in clinical settings.","Uyuşturucu bağımlılığı küresel bir sorundur; Dünya çapında yaklaşık 30 milyon yasadışı uyuşturucu kullanıcısı sorunlu uyuşturucu kullanımından muzdariptir. Kontigo Care AB yenilikçi bir tıbbi cihaz geliştiriyor - Previct Drugs - uyuşturucu kullanımının kesintisiz, sürekli, gönüllü, kendi kendini izlemesi için sağlam, uygulama tabanlı, eHealth platformu. Kontigo Care'in diğer bağımlılık bozukluklarının (alkol kötüye kullanımı ve tehlike kumarı) yönetimi için geliştirilen mevcut eHealth teklifine bir eklenti oluşturacaktır. Akıllı telefon kameralarını kullanarak, uyuşturucu bağımlılığından muzdarip hastalar tanımlanacak ve gözlerinin 10 uzun videosunu kaydetmeleri istenecek. Farmakodinamik olarak indüklenmiş gözbebek reaksiyonları (pupilometri) ile ilişkili göz biyobelirteçlerinin analizi, ilaç kullanımı/sorumluluk üzerinde anında sonuç verecektir. Benzersiz, yıkıcı Internet of Thing (IoT) tabanlı yaklaşımımız, ilaç kullanımının ve günlük ruh halinin / çatlaklarının sürekli izlenmesini, uzaktan bakımın etkisini iyileştirmeyi amaçlayan iletişim araçlarıyla birleştirmek için tasarlanmıştır. Gerçek zamanlı sonuçlar, bulut tabanlı Bakım Portalımız aracılığıyla bakıcılara anında ulaşarak hızlı müdahalelere ve doğru hasta önceliklendirmesine olanak tanır. Bu eHealth çözümü, ayakta tedavilerin aşırı maliyet verimliliğinin yanı sıra ilaç taramaları sırasında kolaylık ve tam gizlilik ile sonuçlanan sağlık dijitalizasyonuna yol açacaktır. Sofistike bir AI sistemi, nüksetmenin kişisel risklerini değerlendirecek ve bağımlılık yönetimini reaktif yerine proaktif hale getirecektir. Bu yaklaşım, en çok ihtiyaç duyan hastalara hızlı bir şekilde yardım edilebilmesini sağlayarak kişiselleştirilmiş terapi sonuçlarını geliştirme potansiyeline sahiptir. Proje amacı, Previct Drugs modülünün ticarileştirilmesi için, ürünü klinik ortamlarda onaylayarak klinik ve pazar kabulü elde etmek için en verimli yolları belirleyerek hazırlanmaktır.",Helsinki-NLP/opus-mt-en-tr,pending,pending,pending,pending,Pending human expert translation review.
637844,validation,algebra,4,algebra;particle_physics;quantum_field_theory;string_theory,"A central challenge in theoretical physics is to develop non-perturbative or exact methods to describe quantitatively the dynamics of strongly coupled quantum fields. This proposal aims to establish new exact methods for the study of supersymmetric quantum field theories thereby unveiling new integrable structures and fostering new correspondences and dualities. We will develop a new cut-and-sew formalism to compute partition functions and expectation values of observables of supersymmetric gauge theories on compact manifolds through the gluing of a fundamental set of building blocks, the holomorphic blocks. The decomposition of partition functions into holomorphic blocks corresponds to the geometric decomposition of compact manifolds into standard simpler pieces. Similarly the gluing rules for the holomorphic blocks correspond to the geometric gluing rules. The key insight required to exploit the holomorphic block formalism is the deep connection between supersymmetric gauge theories and low dimensional exactly solvable systems such as 2d CFTs, TQFTs and spin chains. Two and four dimensional holomorphic blocks can be reinterpreted as conformal blocks in Liouville theory through an established correspondence between supersymmetric gauge theories and Liouville theory. We will provide a similar realisation of three and five dimensional holomorphic blocks in a new theory, a q-deformed version of Liouville theory where the Virasoro algebra is replaced by the q-deformed Virasoro algebra.We will develop this theory classifying the symmetries of correlation functions. These symmetries will be realised as gauge theory dualities, while the language of the q-deformed Liouville theory will become a new powerful tool to investigate supersymmetric gauge theories.","Teorik fizikte merkezi bir zorluk, güçlü bir şekilde birleştirilmiş kuantum alanlarının dinamiklerini nicel olarak tanımlamak için pertürbatif veya kesin yöntemler geliştirmektir. Bu öneri, süpersimetrik kuantum alan teorilerinin incelenmesi için yeni kesin yöntemlerin oluşturulmasını ve böylece yeni bütünleşik yapıların ortaya çıkarılmasını ve yeni yazışmaların ve dualitelerin teşvik edilmesini amaçlamaktadır. Temel bir dizi yapı taşının, holomorf blokların yapıştırılması yoluyla kompakt manifoldlar üzerinde süpersimetrik gauge teorilerinin gözlemlenebilirlik fonksiyonlarını ve beklenti değerlerini hesaplamak için yeni bir kesim ve kesim formalizmi geliştireceğiz. Bölüm fonksiyonlarının holomorf bloklara ayrışması, kompakt manifoldların standart daha basit parçalara geometrik ayrışmasına karşılık gelir. Benzer şekilde holomorfik bloklar için yapıştırma kuralları geometrik yapıştırma kurallarına karşılık gelir. Holomorf blok formalizminden yararlanmak için gerekli olan temel fikir, süpersimetrik gauge teorileri ile 2d CFT, TQFT ve spin zincirleri gibi düşük boyutlu tam olarak çözülebilir sistemler arasındaki derin bağlantıdır. İki ve dört boyutlu holomorf bloklar, süpersimetrik gauge teorileri ile Liouville teorisi arasındaki yerleşik bir yazışma yoluyla Liouville teorisinde konformal bloklar olarak yeniden yorumlanabilir. Yeni bir teoride üç ve beş boyutlu holomorf blokların benzer bir şekilde gerçekleşmesini sağlayacağız, Liouville teorisinin q-deforme edilmiş bir versiyonu olan Virasoro cebirinin yerini q-deforme olmuş Virasoro cebiri alacaktır.Bu teoriyi korelasyon fonksiyonlarının simetrilerini sınıflandırarak geliştireceğiz. Bu simetriler gauge teorisi ikiliği olarak gerçekleşirken, q deforme Liouville teorisinin dili süpersimetrik gauge teorilerini araştırmak için yeni güçlü bir araç haline gelecektir.",Helsinki-NLP/opus-mt-en-tr,pending,pending,pending,pending,Pending human expert translation review.
749793,validation,algebraic_geometry,5,algebraic_geometry;arithmetics;gravitational_waves;particle_accelerator;string_theory,"Almost all we know about particle physics and the Standard Model comesfrom scattering experiments and our ability to predict them viascattering amplitudes (these measure probabilities of scatteringprocesses). To meet the impressive technological advances of particlecolliders like the Large Hadron Collider at CERN, new tools andconcepts have emerged over the last 25 years. More than givingmethods, they have triggered a revolution in our understanding of theformal microscopic structure of particle physics, a subject peoplethought they knew everything about.My program is based on a set of formulæ due to Cachazo, He & Yuan(CHY), that challenge the way we think about scatteringamplitudes. They relate to 'twistor' ideas and string theory. Theformer aims at manifesting the geometry of field theories, but failedso far to grasp their quantum-ness. The latter, in spite of itsmathematical beauty, has the drawback of having additionalcontributions that are hard to decouple from the field theoryones. The CHY formulæ retain the advantages of both methods, and leadto a variety of remarkable expressions for scattering amplitudes in aincreasing number of theories, including gauge, gravity and scalartheories.In a crucial work, I showed that these methods actually carry over tothe first quantum correction: this was the first time ever thattwistor methods were shown to work at the quantum level. My projectaims to extend this and reformulate the full pertubative quantumexpansion of field theories in the CHY language. This would be a majorconceptual advance. I explain that to do so will require to understanda more fundamental object called Null String, whose quantization willshed light on my 'quantum CHY formalism'. I also propose applicationsof the formalism of interest for LHC physic, like a third ordercalculation for the 2 to 3 gluon scattering in gauge theory, thatall other existing methods have failed to determine so far.","Parçacık fiziği ve Standart Model hakkında bildiğimiz hemen hemen her şey, saçılma deneylerinden ve onları titreşimli genliklerle tahmin etme yeteneğimizden gelir (bu, saçılma işlemlerinin olasılıklarını ölçer). CERN'deki Büyük Hadron Çarpıştırıcısı gibi parçacık çarpıştırıcılarının etkileyici teknolojik ilerlemelerini karşılamak için, son 25 yılda yeni araçlar ve kavramlar ortaya çıktı. Metod vermekten daha fazlası, parçacık fiziğinin biçimsel mikroskobik yapısını anlamamızda bir devrimi tetiklediler, insanların her şeyi bildiklerini düşündükleri bir konu.Programım Cachazo, He & Yuan (CHY) nedeniyle bir formul setine dayanıyor, bu da saçılma amplitudları hakkında düşünme şeklimize meydan okuyor. Onlar 'twistor' fikirleri ve sicim teorisi ile ilgilidir. Theformer, alan teorilerinin geometrisini ortaya koymayı amaçlamaktadır, ancak kuantum-varlığını kavramada şimdiye kadar başarısız olmuştur. İkincisi, onunmatematiksel güzelliğine rağmen, alan teorilerinden ayrılması zor olan ek katkılara sahip olma dezavantajına sahiptir. CHY formul, her iki yöntemin de avantajlarını korur ve ölçüm, yerçekimi ve skalarteoriler de dahil olmak üzere artan sayıda teoride genliklerin saçılması için çeşitli dikkat çekici ifadelere yol açar.Çok önemli bir çalışmada, bu yöntemlerin aslında ilk kuantum düzeltmesine geçtiğini gösterdim: bu, ilk kez kuantum seviyesinde çalışmak için ilk kez gösterildi. Projem bunu genişletmek ve CHY dilinde alan teorilerinin tam pertübatif kuantum genişlemesini yeniden formüle etmek. Bu büyük bir fikirsel ilerleme olur. Bunu yapmak için Null String adlı daha temel bir nesneyi anlamayı gerektireceğini açıklıyorum, bu nesnenin niceliği ‘kuantum CHY formalizmime’ ışık tutmuştur. Ayrıca LHC fiziği için formalizmin uygulamalarını öneriyorum, gauge teorisinde 2 ila 3 gluon saçılımı için üçüncü bir sıralama hesabı gibi, diğer tüm mevcut yöntemlerin şimdiye kadar belirleyemediğini.",Helsinki-NLP/opus-mt-en-tr,pending,pending,pending,pending,Pending human expert translation review.
781195,validation,aliphatic_compounds,5,aliphatic_compounds;crisis_management;fisheries;natural_gas;optical_sensors,"Oil and gas is continuously leaking from offshore deepwater infrastructure. Up to 1 million tonnes of oil are lost from deepwater drilling leaks each year, with 601 oil and gas releases reported in the North Sea in 2015 alone, up 14.5% on the previous years. Current leak detection technologies suffer from high false positives, high cost, lack of continuous monitoring and safety risks, meaning the majority of leaks are not detected by equipment. To address this major environmental and economic problem, we have developed STREAM, a unique technology which uses subtle changes in the speed of sound to detect contaminants in seawater. We have recently completed a funded project to technically prove our concept at TRL6. SALT has a proven track record of successfully commercialising highly innovative technologies such as our award-winning SonarBell. We have also successfully led two European collaborative projects to exploit the SonarBell in different applications. Currently, we are in advanced discussions with Statoil and BP who have shown great interest in the STREAM technology. Crucially, we are in negotiations with Subsea7, a global tier 1 service provider, to include STREAM in their service offering. We now need to validate the market opportunity and reduce commercial risk by running large scale trials and optimising our product performance. 5 years post-project, we will generate annual revenues of €31.8 million, €4.7 million in net profits, 282 jobs, representing an 8 x ROI to EC investment. STREAM will significantly reduce the catastrophic impacts of undetected oil and gas leaks on marine ecosystems, fisheries and aquaculture by helping producers effectively detect leaks and meet stricter industry legislation.","Petrol ve gaz sürekli olarak offshore deepwater altyapısından sızıyor. Her yıl derin su sondaj sızıntılarından 1 milyon tona kadar petrol kaybedilirken, sadece 2015 yılında Kuzey Denizi'nde bildirilen 601 petrol ve gaz salınımı, önceki yıllarda %14,5 arttı. Mevcut sızıntı tespit teknolojileri yüksek yanlış pozitiflerden, yüksek maliyetten, sürekli izleme eksikliğinden ve güvenlik risklerinden muzdariptir, bu da sızıntıların çoğunun ekipman tarafından tespit edilmediği anlamına gelir. Bu büyük çevresel ve ekonomik sorunu ele almak için, deniz suyundaki kirleticileri tespit etmek için ses hızında ince değişiklikler kullanan benzersiz bir teknoloji olan STREAM'ı geliştirdik. Son zamanlarda TRL6'da konseptimizi teknik olarak kanıtlamak için finanse edilen bir projeyi tamamladık. SALT, ödüllü SonarBell gibi son derece yenilikçi teknolojileri başarıyla ticarileştirme konusunda kanıtlanmış bir geçmişe sahiptir. Ayrıca, SonarBell'i farklı uygulamalarda kullanmak için iki Avrupa ortak projesine başarılı bir şekilde öncülük ettik. Şu anda, STREAM teknolojisine büyük ilgi gösteren Statoil ve BP ile ileri görüşmelerde bulunuyoruz. Kritik olarak, küresel bir katman 1 hizmet sağlayıcısı olan Subsea7 ile STREAM'i hizmet tekliflerine dahil etmek için görüşmelerdeyiz. Artık pazar fırsatını doğrulamamız ve büyük ölçekli denemeler yaparak ve ürün performansımızı optimize ederek ticari riski azaltmamız gerekiyor. Proje sonrası 5 yıl, yıllık  31,8 milyon,  4,7 milyon net kar, 282 iş, EC yatırımına 8 x ROI temsil edecek gelir elde edeceğiz. STREAM, tespit edilmemiş petrol ve gaz sızıntılarının deniz ekosistemleri, balıkçılık ve su ürünleri yetiştiriciliği üzerindeki yıkıcı etkilerini, üreticilerin sızıntıları etkili bir şekilde tespit etmelerine ve daha sıkı endüstri mevzuatını karşılamalarına yardımcı olarak önemli ölçüde azaltacaktır.",Helsinki-NLP/opus-mt-en-tr,pending,pending,pending,pending,Pending human expert translation review.
765262,validation,alkali_metals,4,alkali_metals;employment;lab_on_a_chip;sensors;sustainable_agriculture,"Today the application of fertilisers to agricultural crops is mainly based on calculations, estimations and recommendations and not on analyses of the actual demand of soil and plants. The resulting over-fertilisation has substantial disadvantages: Farmers suffer from reduced yields and unnecessary expenses for fertilisers, groundwater is polluted, surface water bodies are eutrophicated, greenhouse gas is emitted from soils and finite natural fertiliser resources are depleted. It is estimated that up to 35 % of the applied fertiliser could be saved if a method for the quick and simple determination of the fertiliser demand existed.Pessl GmbH, an Austrian SME specialised in the development of innovative products in the field of agricultural monitoring and precision farming, has developed MobiLab, a lab-on-a-chip sensor for the quick on-site determination of the concentrations of the most important plant nutrients (ammonia, nitrate, phosphate and potassium) in the soil, based on the outcomes of the award-winning EU project OPTIFERT. MobiLab will enable farmers to determine the fertiliser requirements of their fields within just a few minutes and without the need for any special knowledge. The proper functioning and the great potentials of the technology have been proven, but further technological developments as well as the finalisation of a commercialisation concept are necessary to achieve the market breakthrough. Based on the outcomes of phase 1 of the project, all necessary steps for a successful market introduction of the MobiLab system will be taken.The MobiLab nutrient sensor will help European farmers to save up to 35 % of their applied fertiliser, leading to total potential annual savings of up to 6 billion € on the EU level. At the same time, Pessl Instruments GmbH will be able to significantly grow in terms of turnover, profit and employees and to further expand its leading position on the world market for precision farming products.","Bugün gübrelerin tarım ürünlerine uygulanması esas olarak hesaplamalara, tahminlere ve önerilere dayanır ve toprak ve bitkilerin gerçek talebinin analizine değil. Elde edilen aşırı gübrelemenin önemli dezavantajları vardır: Çiftçiler, gübreler için azalan verim ve gereksiz masraflardan muzdariptir, yeraltı suyu kirlenir, yüzey suyu gövdeleri ötrofikize edilir, sera gazı topraklardan salınır ve sonlu doğal gübre kaynakları tükenir. Gübre talebinin hızlı ve basit bir şekilde belirlenmesi için bir yöntem varsa, uygulanan gübrenin %35'ine kadar tasarruf edilebileceği tahmin edilmektedir. Tarımsal izleme ve hassas tarım alanında yenilikçi ürünlerin geliştirilmesinde uzmanlaşmış Avusturyalı bir KOBİ olan Pessl GmbH, AB'deki en önemli bitki besin maddelerinin (ammonia, nitrat) konsantrasyonlarının hızlı yerinde belirlenmesi için bir laboratuvar-on-a-çip sensörü olan MobiLab'ı geliştirmiştir. MobiLab, çiftçilerin tarlalarının gübre gereksinimlerini sadece birkaç dakika içinde ve herhangi bir özel bilgiye ihtiyaç duymadan belirlemelerini sağlayacaktır. Teknolojinin düzgün işleyişi ve büyük potansiyelleri kanıtlanmıştır, ancak pazar atılımına ulaşmak için daha ileri teknolojik gelişmelerin yanı sıra bir ticarileştirme konseptinin kesinleştirilmesi gereklidir. Projenin 1. aşamasının sonuçlarına dayanarak, MobiLab sisteminin başarılı bir pazar tanıtımı için gerekli tüm adımlar atılacaktır.MobiLab besin sensörü, Avrupalı çiftçilerin uygulanan gübrelerin %35'ine kadar tasarruf etmelerine yardımcı olacak ve AB düzeyinde toplam potansiyel yıllık 6 milyar 'ya varan tasarruflara yol açacaktır. Aynı zamanda Pessl Instruments GmbH, ciro, kar ve çalışanlar açısından önemli ölçüde büyüyebilecek ve hassas tarım ürünleri için dünya pazarında lider konumunu daha da genişletebilecektir.",Helsinki-NLP/opus-mt-en-tr,pending,pending,pending,pending,Pending human expert translation review.
896245,validation,alkaline_earth_metals,5,alkaline_earth_metals;fibers;fibre_optics;radio_technology;schizophrenia,"The structural anomalies of corpus callosum (CC) in patients are found highly-correlated with a wide range of disorders, e.g., epilepsy, autism, schizophrenia and mental retardation. However, it remains unclear about the causal contributions of CC-mediated functional changes to these disorders and exactly how the changes influence the local cortical circuitry. Lately, we have successfully combined fMRI with fiber optic mediated calcium recordings and optogenetics, i.e., multi-modal fMRI, to study the balance of excitation/inhibition in the barrel cortex in rats by pairing optogenetic corpus callosum activation with ascending thalamocortical activation. However, it remains challenging to maintain high sensitivity to the brain dynamic signal and better decipher CC-mediated unique cellular (neuron/astrocyte) or layer-specific contributions to the local cortical or global whole-brain fMRI signals. Therefore, the goal of this proposal is to optimize the multi-modal fMRI platform and to characterize the brain activity upon optogenetic callosal activation with higher spatial/temporal resolution using two cutting edge technologies, wireless amplified nuclear MR detector (WAND) and photonic crystal fiber (PCF). Previously, we have implanted a wireless RF coil into the rat body to achieve a high signal-to-noise ratio and spatial resolution for in vivo kidney imaging. The modified WAND will be incorporated into the multi-modal fMRI platform to achieve brain dynamic signal with enhanced sensitivity from the barrel cortex. Next, we will merge it with a novel PCF-based probe integrated calcium recording, optogenetic manipulation and fluid injection function. This proposal will merge the neuronal and astrocytic dynamic signals to the functional mapping, solve the challenges for CC study at multiple scales in the brain, enable novel applications of the multi-modal fMRI platform to better decipher the neuroglial interactions in normal and diseased animal models for future studies.","Korpus kallozumun (CC) yapısal anomalileri, örneğin epilepsi, otizm, şizofreni ve zihinsel gerilik gibi çok çeşitli bozukluklarla yüksek oranda ilişkili olarak bulunur. Bununla birlikte, CC aracılı fonksiyonel değişikliklerin bu bozukluklara nedensel katkıları ve değişikliklerin yerel kortikal devreyi tam olarak nasıl etkilediği belirsizliğini korumaktadır. Son zamanlarda, fMRI'yi fiber optik aracılı kalsiyum kayıtları ve optogenetik, yani multimodal fMRI ile birleştirerek, sıçanlardaki varil korteksindeki uyarım / inhibisyon dengesini, optogenetik korpus kallozum aktivasyonunu yükselen talamokortikal aktivasyonla eşleştirerek inceledik. Bununla birlikte, beyin dinamik sinyaline yüksek duyarlılığı korumak ve CC aracılı benzersiz hücresel (nöron / astrosit) veya yerel kortikal veya küresel tam beyin fMRI sinyallerine katmana özgü katkıları daha iyi deşifre etmek zor olmaya devam etmektedir. Bu nedenle, bu önerinin amacı, çok modlu fMRI platformunu optimize etmek ve optogenetik kallosal aktivasyon üzerine beyin aktivitesini, iki en son teknoloji, kablosuz amplifiye nükleer MR dedektörü (WAND) ve fotonik kristal fiber (PCF) kullanarak daha yüksek mekansal / zamansal çözünürlükle karakterize etmektir. Daha önce, in vivo böbrek görüntüleme için yüksek bir sinyal-gürültü oranı ve mekansal çözünürlük elde etmek için fare gövdesine kablosuz bir RF bobini yerleştirdik. Değiştirilen WAND, varil korteksinden gelişmiş hassasiyetle beyin dinamik sinyalini elde etmek için çok modlu fMRI platformuna dahil edilecektir. Daha sonra, onu yeni bir PCF tabanlı prob entegre kalsiyum kaydı, optogenetik manipülasyon ve sıvı enjeksiyon fonksiyonu ile birleştireceğiz. Bu öneri, nöronal ve astrositik dinamik sinyalleri fonksiyonel haritalamaya birleştirecek, CC çalışmasının zorluklarını beyindeki çoklu ölçeklerde çözecek, çok modlu fMRI platformunun yeni uygulamalarının gelecekteki çalışmalar için normal ve hastalıklı hayvan modellerindeki nöroglial etkileşimleri daha iyi çözmesini sağlayacaktır.",Helsinki-NLP/opus-mt-en-tr,pending,pending,pending,pending,Pending human expert translation review.
698871,validation,allergology,4,allergology;autoimmune_diseases;laboratory_samples_analysis;oncology;social_inequalities,"The proposed project aims to put the basis for the commercialization of a new kit for the definitive diagnosis of Sjogren’s Syndrome, an autoimmune disease with an high incidence in the population (up to 4%) and characterised by serious complications. The product relies on proteinaceous nanomaterials produced in plants, namely virus-based particles, characterised by superior performance in ELISA tests compared to actual diagnostic systems. One of the main advantages of the proposed product compared to existing ones is that it gets rid of the need of a biopsy procedure for disease diagnosis while increasing the specificity of diagnostic outcomes.The project aims to explore the potential of this novel and high-performing product in the EU and US markets, given that the patent has been already filed and that the actual company asset is already capable of supporting the forecast needs of the kit in the EU market. Furthermore, the π project will help the company in envisaging several aspects before the product commercialization, spamming from a clear definition of the normative procedure for its commercialization in different countries to the set-up of a business strategy for its distribution.","Önerilen proje, popülasyonda (%4'e kadar) yüksek insidansı olan ve ciddi komplikasyonlarla karakterize edilen bir otoimmün hastalık olan Sjogren Sendromu'nun kesin teşhisi için yeni bir kitin ticarileştirilmesinin temelini atmayı amaçlamaktadır. Ürün, bitkilerde üretilen proteinli nanomalzemelere, yani virüs bazlı parçacıklara dayanır, ELISA testlerinde gerçek teşhis sistemlerine kıyasla üstün performansla karakterize edilir. Önerilen ürünün mevcut ürüne kıyasla en önemli avantajlarından biri, tanı sonuçlarının özgüllüğünü arttırırken hastalık teşhisi için biyopsi prosedürü gereğinden kurtulmasıdır.Proje, patentin zaten dosyalanmış olması ve gerçek şirket varlığının zaten AB pazarındaki kitin tahmin ihtiyaçlarını destekleyebildiği göz önüne alındığında, AB ve ABD pazarlarında bu yeni ve yüksek performanslı ürünün potansiyelini keşfetmeyi amaçlamaktadır. Ayrıca,  projesi, şirketin ürün ticarileştirmesinden önce çeşitli yönleri öngörmesine yardımcı olacak, farklı ülkelerde ticarileştirilmesi için normatif prosedürün net bir tanımından, dağıtımı için bir iş stratejisinin oluşturulmasına kadar spam olacaktır.",Helsinki-NLP/opus-mt-en-tr,pending,pending,pending,pending,Pending human expert translation review.
707730,validation,alzheimer,5,alzheimer;cognitive_neuroscience;magnetic_resonance_imaging;schizophrenia;virtual_reality,"This project aims at predicting early cognitive decline using a neurofeedback performance endophenotype based on realtime functional magnetic resonance imaging in a population at risk for Alzheimer’s Disease (AD). It has been proven that AD biomarkers change decades before the development of symptoms. In addition, there is a lack of robust hypersensitive methods capable of predicting impending cognitive decline in healthy subjects at risk. This constitutes a crucial obstacle for the implementation of AD prevention trials. To address this, we will identify and characterize a novel neurofeedback performance endophenotype in a subsample from a cohort of 2743 cognitively healthy volunteers at risk for AD. This will be based on state-of-the-art neuroimaging technology, in combination with a novel sensitive neuropsychological test that detects subtle alterations in episodic memory, which has been validated for our cohort. Then, we will evaluate the impact on our newly developed neurofeedback performance endophenotype of factors known to be related to AD such as various clinical and lifestyle variables, amyloid deposition, genetic background (including, but not restricted to APOE4) and most importantly cognitive reserve. A specific aim is to test the hypothesis that neurofeedback performance can become a reliable proxy to measure cognitive reserve. Finally, we will develop a novel statistical predictive model, featuring all the relevant genetic and clinical variables and will assess the capacity of neurofeedback performance for predicting impending cognitive decline during a two-year period in AD descendants.","Bu proje, Alzheimer Hastalığı (AD) riski altındaki bir popülasyonda gerçek zamanlı fonksiyonel manyetik rezonans görüntülemesine dayanan bir nörofeedback performansı endofenotipi kullanarak erken bilişsel düşüşü tahmin etmeyi amaçlamaktadır. AD biyobelirteçlerinin semptomların gelişmesinden on yıllar önce değiştiği kanıtlanmıştır. Buna ek olarak, risk altındaki sağlıklı deneklerde yaklaşmakta olan bilişsel düşüşü öngörebilecek sağlam aşırı duyarlı yöntemlerin eksikliği vardır. Bu, AD önleme denemelerinin uygulanması için çok önemli bir engel oluşturmaktadır. Bunu ele almak için, AD için risk altındaki 2743 bilişsel olarak sağlıklı gönüllüden oluşan bir alt örnekteki yeni bir nörofeedback performansı endofenotipini tanımlayacağız ve karakterize edeceğiz. Bu, epizodik bellekteki ince değişiklikleri tespit eden yeni hassas nöropsikolojik testle birlikte, kohortumuz için doğrulanmış son teknoloji nörogörüntüleme teknolojisine dayanacaktır. Daha sonra, çeşitli klinik ve yaşam tarzı değişkenleri, amiloid birikimi, genetik arka plan (APOE4 dahil ancak bunlarla sınırlı olmamak üzere) ve en önemlisi bilişsel rezerv gibi AD ile ilişkili olduğu bilinen faktörlerin yeni geliştirilen nörofeedback performansı endofenotipi üzerindeki etkisini değerlendireceğiz. Belirli bir amaç, nörofeedback performansının bilişsel rezervi ölçmek için güvenilir bir vekil olabileceği hipotezini test etmektir. Son olarak, ilgili tüm genetik ve klinik değişkenleri içeren yeni bir istatistiksel tahmin modeli geliştireceğiz ve AD soyundan gelen iki yıllık bir süre boyunca yaklaşmakta olan bilişsel düşüşü tahmin etmek için nörofeedback performansının kapasitesini değerlendireceğiz.",Helsinki-NLP/opus-mt-en-tr,pending,pending,pending,pending,Pending human expert translation review.
724040,validation,amines,5,amines;antibiotics;bacteriology;proteins;sensors,"During the translation of genetic information into protein by the ribosome, nascent peptides occasionally inhibit their own synthesis by interacting with the exit tunnel of the large ribosomal subunit. Known as nascent chain-mediated translational arrest, this process depends primarily upon the amino acid sequence of the arrest peptide. However, it can also rely upon the sensing of a low molecular weight ligand by the ribosome nascent chain complex, explaining its use for metabolite-dependent gene regulation in both bacteria and eukaryotes. Biochemical and structural studies of arrest peptides have yielded key insights into their mode of action, but their ability to sense different types of small molecules, their impact as regulators of gene expression in nature and the precise molecular details behind the arrest process are still largely unexplored.The groundbreaking aim of this ERC Consolidator research program is to decipher the arrest code governing nascent chain-mediated translational arrest in bacteria. My approach will be based on a technique recently developed in my group, referred to here as inverse toeprinting, which precisely maps the position of an arrested ribosome nascent chain complex on the mRNA while retaining the entire peptide-coding region up to the point of stalling.The overall aim will be achieved through four complementary objectives: (i) to assess the extent to which arrest peptides can act as small molecule sensors; (ii) to identify naturally occurring arrest peptides in bacteria; (iii) to develop trans-inhibitory peptides that target the ribosome; and (iv) to perform the structural characterization of new ribosome inhibitory peptides.By addressing the natural diversity and molecular bases of the arrest process, this project will be the key to understanding a unique form of gene regulation and a fundamental aspect of ribosome function. It will also provide a handle for designing next-generation antibiotics.","Ribozom tarafından genetik bilginin proteine çevrilmesi sırasında, yeni ortaya çıkan peptidler zaman zaman büyük ribozomal alt birimin çıkış tüneli ile etkileşime girerek kendi sentezlerini inhibe ederler. Yeni ortaya çıkan zincir aracılı çevirisel tutuklama olarak bilinen bu süreç, öncelikle tutuklama peptidinin amino asit dizisine bağlıdır. Bununla birlikte, hem bakterilerde hem de ökaryotlarda metabolit bağımlı gen regülasyonu için kullanımını açıklayan ribozom yenidoğan zincir kompleksi tarafından düşük bir moleküler ağırlık ligandının algılanmasına da güvenebilir. Tutuklama peptidlerinin biyokimyasal ve yapısal çalışmaları, eylem tarzlarına dair önemli bilgiler vermiştir, ancak farklı küçük molekül türlerini algılama yetenekleri, doğada gen ifadesinin düzenleyicileri olarak etkileri ve tutuklama sürecinin arkasındaki kesin moleküler detaylar hala büyük ölçüde keşfedilmemiştir.Bu ERC Konsolidatör araştırma programının çığır açan amacı, bakterilerde yeni ortaya çıkan zincir aracılı çevirisel tutuklamayı yöneten tutuklama kodunu deşifre etmektir. Yaklaşımım, grubumda son zamanlarda geliştirilen bir tekniğe dayanacak, burada ters parmak izi olarak anılacaktır, bu, tüm peptit kodlayıcı bölgeyi durma noktasına kadar korurken, mRNA'daki bir ribozom yenidoğan zincir kompleksinin konumunu tam olarak haritalandırır. Genel amaç, peptitlerin küçük molekül sensörleri olarak ne ölçüde hareket edebileceğini değerlendirmek için dört tamamlayıcı amaç yoluyla elde edilecektir; (ii) Ayrıca yeni nesil antibiyotiklerin tasarlanması için bir tutamak sağlayacaktır.",Helsinki-NLP/opus-mt-en-tr,pending,pending,pending,pending,Pending human expert translation review.
827645,validation,amorphous_semiconductors,6,amorphous_semiconductors;bluetooth;internet_of_things;metalloids;smart_sensors,"Many IoT market leaders incl. ARM Holdings (the world's leading semiconductor IP supplier) predict that the IoT will begin to free itself from battery power in 2018. Without reducing the reliance on battery power, there is a significant roadblock in reaching trillions of devices. Future devices will need to be self-sufficient and operate without any battery swaps or any human intervention for decades. This will be made possible through harvesting of all the available ambient energy in the environment, for example:Thermal energy associated with static and dynamic temperature differences;Vibration energy e.g. from vehicles driving over a bridge or oil following through a pipe;Light energy from indoor artificial lighting. For these predictions to be realised, the current roadblock is micro energy harvesting systems that can effectively capture all available energy using just one energy management device. The technical challenge is that these ambient energy sources have widely different electrical characteristics that must be managed e.g: photovoltaic and thermoelectric harvesters are low-voltage DC, resistive, “trickle” sources; electrodynamic harvesters are high-voltage, inductive, “pulsed” sources whilst piezoelectric harvesters are high-voltage AC, capacitive, “bursty” sources.Trameto is a UK-based fabless semiconductor business that is focusing on bringing ‘HarvestAll’ to market. HarvestAll enables energy harvesting from any-single harvester type, many-identical harvesters and multiple-different harvester types. This functionality is not currently available in the market. This project will help us to: further strengthen our market understanding, formalise existing and build new relationships with partners across the energy harvesting ecosystem to develop our supply chain and routes to market. This project will take us closer to having an exploitable technology that will achieve an ROI of 13.9:1 through sales of our novel energy management chip.","Birçok IoT pazar lideri dahil. ARM Holdings (dünyanın önde gelen yarı iletken IP tedarikçisi), IoT'nin 2018'de pil gücünden kurtulmaya başlayacağını tahmin ediyor. Pil gücüne olan bağımlılığı azaltmadan, trilyonlarca cihaza ulaşmada önemli bir engel var. Gelecekteki cihazların kendi kendine yeterli olması ve onlarca yıl boyunca herhangi bir pil takası veya herhangi bir insan müdahalesi olmadan çalışması gerekecektir. Bu, ortamdaki mevcut tüm ortam enerjisinin toplanması yoluyla mümkün olacaktır, örneğin: Statik ve dinamik sıcaklık farklılıkları ile ilişkili termal enerji; Bir borudan takip eden bir köprü veya yağ üzerinde süren araçlardan kaynaklanan titreşim enerjisi; Kapalı yapay aydınlatmadan gelen ışık enerjisi. Bu tahminlerin gerçekleşmesi için, mevcut barikat, sadece bir enerji yönetim cihazı kullanarak mevcut tüm enerjiyi etkili bir şekilde yakalayabilen mikro enerji toplama sistemleridir. Teknik zorluk, bu ortam enerji kaynaklarının, örneğin yönetilmesi gereken farklı elektriksel özelliklere sahip olmasıdır: fotovoltaik ve termoelektrik biçerdöverler düşük voltajlı DC, dirençli, ""trikle"" kaynaklarıdır; elektrodinamik biçerdöverler yüksek voltajlı, endüktif, ""darbeli"" kaynaklardır, piezoelektrik biçerdöverler ise yüksek voltajlı AC, kapasitif, ""patlayıcı"" kaynaklardır. Trameto, İngiltere merkezli bir masal yarı iletken işine odaklanan bir pazardır. HarvestAll, herhangi bir tek biçerdöver türünden, çok kimlikli biçerdöverlerden ve çok farklı biçerdöver tiplerinden enerji toplamayı sağlar. Bu işlevsellik şu anda piyasada mevcut değildir. Bu proje, pazar anlayışımızı daha da güçlendirmemize, mevcutları resmileştirmemize ve tedarik zincirimizi ve pazara giden rotalarımızı geliştirmek için enerji hasat ekosistemindeki ortaklarla yeni ilişkiler kurmamıza yardımcı olacaktır. Bu proje, bizi yeni enerji yönetimi çipimizin satışlarıyla 13,9:1 ROI elde edecek sömürülebilir bir teknolojiye daha yakın hale getirecek.",Helsinki-NLP/opus-mt-en-tr,pending,pending,pending,pending,Pending human expert translation review.
826429,validation,amorphous_solids,5,amorphous_solids;cardiovascular_diseases;employment;mobile_phones;simulation_software,"See Far project aims to develop and validate a digitally enabled adaptive solution supporting ageing workforce with vision loss, an age-related condition, to remain actively involved in professional life, helping them to sustain and renew their work and personal life related skills and support independent active and healthy lifestyles. The See Far solution consists of two components: (i) See Far smart glasses where the display lenses are adapted to the needs of the users and optimize their view. In order this to be achieved a personalized visual assistant is developed capturing the condition of the eye, detecting the problem and provide the appropriate adjustment through the integration of augmented reality technologies. See Far smart glasses empower older adults to solve the most meaningful problems, transform how they design, build, maintain and collaborate in their organization, perceive the world conveniently and enjoy a safer exploration in an indoor/outdoor environment. (ii) See Far mobile application allowing monitoring of the central vision evolution and prediction of the risk for the presence of diseases (i.e. diabetes risk, cardiovascular risk). It will capture retinal images, through a digital direct ophthalmoscope attached in the smartphone, analyze the images (Image Analysis Component), and detect the type and the stage of vision impairment (Decision Support Component). The combination of the output of the See Far mobile application (indicator of the presence of a visual or not problem) with the output of the See Far smart glasses (type of daily visual issues the user has and his/her behavior) will lead to the provision of suggestions, through augmented reality, to the user supporting independent active and healthy lifestyles. The suggestions will be adaptive to the profile of the user through the Personalized visual recommendation service.","See Far projesi, yaşlanan işgücünü görme kaybı, yaşa bağlı bir durumla destekleyen dijital olarak etkinleştirilmiş adaptif bir çözüm geliştirmeyi ve doğrulamayı, profesyonel yaşamda aktif olarak yer almayı, iş ve kişisel yaşamla ilgili becerilerini sürdürmelerine ve yenilemelerine yardımcı olmayı ve bağımsız aktif ve sağlıklı yaşam tarzlarını desteklemeyi amaçlamaktadır. See Far çözümü iki bileşenden oluşur: (i) Ekran lenslerinin kullanıcıların ihtiyaçlarına göre uyarlandığı ve görünümlerini optimize ettiği Far akıllı gözlükleri görün. Bunun sağlanabilmesi için, gözün durumunu yakalayan, sorunu tespit eden ve artırılmış gerçeklik teknolojilerinin entegrasyonu yoluyla uygun ayarlamayı sağlayan kişiselleştirilmiş bir görsel asistan geliştirilmiştir. Far akıllı gözlükler, yaşlı yetişkinlerin en anlamlı sorunları çözmelerini, organizasyonlarında nasıl tasarladıklarını, inşa ettiklerini, sürdürdüklerini ve işbirliği yaptıklarını dönüştürmelerini, dünyayı rahat bir şekilde algılamalarını ve kapalı / açık bir ortamda daha güvenli bir keşfin tadını çıkarmalarını sağlar. (ii) Merkezi görme evriminin izlenmesine ve hastalıkların varlığı riskinin tahmin edilmesine izin veren Far mobil uygulamasına bakın (örneğin diyabet riski, kardiyovasküler risk). Retina görüntülerini, akıllı telefona bağlı dijital bir doğrudan oftalmoskop aracılığıyla yakalayacak, görüntüleri analiz edecek (Image Analysis Component) ve görme bozukluğunun türünü ve aşamasını tespit edecektir (Karar Destek Bileşeni). See Far mobil uygulamasının çıktısının (görsel veya problem olmayan bir sorunun varlığının göstergesi) See Far akıllı gözlüklerinin çıktısıyla (kullanıcının sahip olduğu günlük görsel sorunların türü ve davranışı) birleştirilmesi, artırılmış gerçeklik yoluyla bağımsız aktif ve sağlıklı yaşam tarzlarını destekleyen kullanıcıya öneriler sunulmasına yol açacaktır. Öneriler, Kişiselleştirilmiş görsel öneri hizmeti aracılığıyla kullanıcının profiline uyarlanabilir olacaktır.",Helsinki-NLP/opus-mt-en-tr,pending,pending,pending,pending,Pending human expert translation review.
840964,validation,anatomy_and_morphology,4,anatomy_and_morphology;magnetic_resonance_imaging;neurobiology;oncology;spectroscopy,"Advances in neurosurgery, radio-chemotherapy resulting in improved survival/cure rates for children with brain tumors. Nevertheless, after domestic accidents, cancer remains the second leading cause of death in children with the overall 5-year survival statistic of 15-35%. Central nervous system (CNS) tumors are the second most diagnosed cancer in pediatric oncology. Radio-chemotherapy protocols for CNS cancers limiting therapeutic potential due to long-term concerns of radiation exposure and late adverse effects of chemotherapy in developing children. The battle against pediatric cancer is potentially much more effectively fought if the therapy is concurrent with diagnosis and monitoring modalities. SUPERBRAIN develops a multifunctional nanocomposite termed as nanocapsule that enables a simultaneous diagnosis, therapy and treatment monitoring (theranostics). It introduces a new paradigm of theranostics combines tumor targeting biomolecule (aptamer), chemotherapeutic cargo, Surface Enhanced Raman Spectroscopy (SERS) coupled with magnetic resonance imaging (MRI) and photothermal therapy to combat pediatric CNS cancer. We elaborate multimodality in one nanocapsule by decorating magnetic nanoparticles with plasmonic shell functionalized with chemotherapeutic drugs and CNS cancer cell targeting aptamer and magnetically guided nanocapsules in vivo delivery. Furthermore, non-destructive SERS together with Raman microscopic techniques is introduced here for rapid identification of a cancer cells ‘molecular fingerprint’ allowing visualization of brain tumor margins. Additionally, application of MRI for visualizing 3D brain anatomy is providing opportunity of therapy monitoring. These bioengineered nanocapsules can then be stimulated by near infrared (NIR) light for minimally invasive photonic excitation (photothermal therapy). Finally, we will demonstrate >99% killing of CNS brain tumor tissues (in vitro and in vivo) with this new paradigm as a gold standard theranostics.","Beyin cerrahisi, radyo-kemoterapideki gelişmeler, beyin tümörleri olan çocuklar için daha iyi sağkalım/tedavi oranlarına neden olur. Bununla birlikte, ev içi kazalardan sonra, kanser, toplam 5 yıllık hayatta kalma istatistikleri 15-35% olan çocuklarda ikinci önde gelen ölüm nedeni olmaya devam etmektedir. Merkezi sinir sistemi (CNS) tümörleri pediatrik onkolojide en çok teşhis edilen ikinci kanserdir. CNS kanserleri için radyo-kemoterapi protokolleri, uzun süreli radyasyona maruz kalma endişeleri ve gelişmekte olan çocuklarda kemoterapinin geç yan etkileri nedeniyle terapötik potansiyeli sınırlamaktadır. Pediatrik kansere karşı mücadele, tedavi tanı ve izleme yöntemleriyle eş zamanlı ise potansiyel olarak çok daha etkili bir şekilde savaşılır. SUPERBRAIN, eş zamanlı tanı, terapi ve tedavi izleme (teranostik) sağlayan nanokapsül olarak adlandırılan çok işlevli bir nanokompozit geliştirir. Teranostiklerin yeni bir paradigmasını, biyomolekül (aptamer), kemoterapötik kargo, Yüzey Geliştirilmiş Raman Spektroskopisi (SERS) manyetik rezonans görüntüleme (MRI) ve fototermal tedavi ile birleşerek pediatrik CNS kanseri ile mücadele etmek için birleştirir. Manyetik nanopartikülleri plazmonik kabukla süsleyerek bir nanokapsülde multimodalliği, kemoterapötik ilaçlar ve CNS kanser hücresi hedefleme aptameri ve vivo teslimatında manyetik olarak yönlendirilmiş nanokapsüllerle işleyerek detaylandırıyoruz. Ayrıca, Raman mikroskobik teknikleri ile birlikte tahribatsız SERS, beyin tümör marjlarının görselleştirilmesine izin veren bir kanser hücrelerinin ‘moleküler parmak izi’nin hızlı bir şekilde tanımlanması için burada tanıtılmaktadır. Ek olarak, 3D beyin anatomisini görselleştirmek için MRI uygulaması, terapi izleme fırsatı sağlamaktadır. Bu biyomühendis nanokapsüller daha sonra minimal invaziv fotonik uyarım (fototermal terapi) için yakın kızılötesi (NIR) ışıkla uyarılabilir. Son olarak, altın standart teranostik olarak bu yeni paradigma ile CNS beyin tümör dokularının (in vitro ve in vivo) % 99'unu öldüreceğini göstereceğiz.",Helsinki-NLP/opus-mt-en-tr,pending,pending,pending,pending,Pending human expert translation review.
656337,validation,ancient_history,5,ancient_history;computer_vision;geographic_information_systems;pattern_recognition;remote_sensing,"Contemporary anthropogenic landscapes were shaped by centuries of human action. Land surveying and division were the first forms of widespread landscape engineering performed by pre-industrial societies. Among those, the most complex was unquestionably the Roman Centuriation, which still characterise the rural landscapes of many European countries. Notwithstanding its impact on modern European land organisation, the principles underlying the design approach used by Roman land commissioners are still largely ambiguous. The proposed project thus aims to illuminate the process of landscape engineering undertaken in antiquity by the Roman surveyors and contribute to the discipline of landscape engineering by injecting a new body of evidence into the debate about past land division and design in order to inform models of sustainable practice for contemporary landscape management.The project integrates archaeological, historical and geospatial information to investigate the forms, impact and endurance of complex engineering on the landscape of Aquileia (Italy), a major city of the Roman Empire. Imprinted with the Roman 'spatial signature', the Aquileian countryside provides an unparalleled opportunity to expand our current understanding and perception of the origins and advances of landscape engineering and its efforts to build sustainable responses to long-term environmental and socio-economic pressures. To achieve its research agenda, this study will develop new methods based on Artificial Intelligence for digitally identifying, collecting, integrating, managing and sharing diverse spatial and archaeological data that are key for the identification of the centurial system elements where they are no longer readily identifiable and will apply a novel approach for defining models of land division application and dynamics in antiquity.","Çağdaş antropojenik manzaralar yüzyıllarca süren insan eylemiyle şekillenmiştir. Arazi inceleme ve bölme sanayi öncesi toplumlar tarafından gerçekleştirilen yaygın peyzaj mühendisliğinin ilk formlarıydı. Bunlar arasında en karmaşık olanı, hala birçok Avrupa ülkesinin kırsal manzaralarını karakterize eden Roma Yüzyılı'ydı. Modern Avrupa toprak örgütü üzerindeki etkisine rağmen, Roma toprak komiserleri tarafından kullanılan tasarım yaklaşımının altında yatan ilkeler hala büyük ölçüde belirsizdir. Bu nedenle önerilen proje, antik çağda Romalı anketörler tarafından üstlenilen peyzaj mühendisliği sürecini aydınlatmayı ve çağdaş peyzaj yönetimi için sürdürülebilir uygulama modellerini bilgilendirmek amacıyla geçmiş arazi bölünmesi ve tasarımı hakkındaki tartışmalara yeni bir kanıt gövdesi enjekte ederek peyzaj mühendisliği disiplinine katkıda bulunmayı amaçlamaktadır.Proje, karmaşık mühendisliğin biçimlerini, etkisini ve dayanıklılığını araştırmak için arkeolojik, tarihi ve jeo-uzamsal bilgileri entegre eder. Roma'nın 'uzaysal imzası' ile damgalanan Aquileian kırsalı, peyzaj mühendisliğinin kökenleri ve ilerlemeleri ve uzun vadeli çevresel ve sosyo-ekonomik baskılara sürdürülebilir tepkiler oluşturma çabaları hakkındaki mevcut anlayışımızı ve algımızı genişletmek için eşsiz bir fırsat sunuyor. Araştırma gündemine ulaşmak için, bu çalışma, artık kolayca tanımlanamayacakları ve antik dönemde arazi bölünmesi uygulama ve dinamiklerinin modellerini tanımlamak için yeni bir yaklaşım uygulayacak olan merkezî sistem unsurlarının tanımlanmasında anahtar olan çeşitli mekansal ve arkeolojik verileri dijital olarak tanımlamak, toplamak, entegre etmek, yönetmek ve paylaşmak için Yapay Zekaya dayalı yeni yöntemler geliştirecektir.",Helsinki-NLP/opus-mt-en-tr,pending,pending,pending,pending,Pending human expert translation review.
806162,validation,animal_feed,6,animal_feed;internet_of_things;optical_sensors;radar;solar_energy,"Animal feed is produced by feed suppliers in feed mills, and distributed in bulk to different animal farms, where it is stored in silos. Feed has to be produced ad-hoc for each farmer, and delivered in 24-48h.Each feed supplier is the provider for several silos from several farms (the top 50 EU feed suppliers manage on average 7,500 silos each). They receive daily hundreds of refilling orders whose logistics have to be optimized in a short time. However, the lack of reliable and cost-effective solutions to remotely monitor the silo’s feed stock hinders the optimization: most farmers assess it manually, provoking (i) inaccurate measures (trucks over or under loaded) and (ii) uncertainty on the demand (feed suppliers cannot organize production cycles or the raw materials purchase based on a cost-effectiveness criteria). As a result, there is yearly losses of 500€ per silo (equivalent to 400M€ in the EU28).INSYLO turns the situation around and provides the sector with an accurate and cost-effective solution to monitor remotely the silos’ feed stock levels, forecast the feed demand and allow feed suppliers to optimize inventories, production batches, delivery routes and raw materials purchases.INSYLO is a smart service that combines hardware and software. Through our unique smart volumetric sensor, we obtain an accurate measure of the silos' feedstock levels at a very low cost (6.5 cheaper than competitors). Our IoT device can be installed in only 5 minutes and it is fully independent of the farm’s resources (off-grid, solar energy, own Internet connectivity). Furthermore, it is connected to our smart platform on the cloud, which leverages the power of Big Data and Artificial Intelligence to collect data from hundreds of thousands of silos and decide the right moment and quantity to restock each silo, optimising the whole feed supply chain. We will sell in the first five years more than 100,000 devices, capturing a market share of 2.13% of the 5M silos worldwide.","Hayvan yemi yem fabrikalarında yem tedarikçileri tarafından üretilir ve silolarda depolandığı farklı hayvan çiftliklerine toplu olarak dağıtılır. Yem, her çiftçi için ad-hoc üretilmeli ve 24-48 saat içinde teslim edilmelidir. Her yem tedarikçisi, birkaç çiftlikten birkaç silo sağlayıcısıdır (her biri ortalama 7.500 silo yöneten ilk 50 AB yem tedarikçisi). Lojistikleri kısa sürede optimize edilmesi gereken günlük yüzlerce yeniden doldurma siparişi alırlar. Bununla birlikte, silonun besleme stokunu uzaktan izlemek için güvenilir ve uygun maliyetli çözümlerin olmaması optimizasyonu engeller: çoğu çiftçi bunu manuel olarak değerlendirir, (i) yanlış önlemleri (yüklü veya yük altında kamyonlar) ve (ii) talebe ilişkin belirsizlikleri kışkırtır (besleme tedarikçileri üretim döngüleri veya maliyet-etkinlik kriterlerine dayanarak hammadde satın alımını organize edemez). Sonuç olarak, silo başına yıllık 500  kayıpları vardır (AB28'de 400M'ye eşdeğerdir).INSYLO durumu tersine çevirir ve sektöre siloların besleme stok seviyelerini uzaktan izlemek, besleme talebini tahmin etmek ve yem tedarikçilerinin stokları, üretim partilerini, teslimat yollarını ve hammadde alımlarını optimize etmesine izin vermek için doğru ve uygun maliyetli bir çözüm sunar.INSYLO, donanım ve yazılımı birleştiren akıllı bir hizmettir. Benzersiz akıllı hacimsel sensörümüz sayesinde, siloların hammadde seviyelerini çok düşük bir maliyetle (rekabetçilerden 6,5 daha ucuz) doğru bir ölçüm elde ediyoruz. IoT cihazımız sadece 5 dakikada kurulabilir ve çiftliğin kaynaklarından (off-grid, güneş enerjisi, kendi İnternet bağlantısı) tamamen bağımsızdır. Ayrıca, yüz binlerce silodan veri toplamak ve her siloyu yeniden stoklamak için doğru anı ve miktarı belirlemek için Büyük Veri ve Yapay Zeka'nın gücünden yararlanan buluttaki akıllı platformumuza bağlanır ve tüm besleme tedarik zincirini optimize eder. İlk beş yılda 100.000'den fazla cihaz satarak dünya çapında 5M silolarının % 2.13'lük pazar payını yakalayacağız.",Helsinki-NLP/opus-mt-en-tr,pending,pending,pending,pending,Pending human expert translation review.
854943,validation,animal_husbandry,5,animal_husbandry;antibiotic_resistance;antibiotics;internet_of_things;optical_sensors,"The global pork market is worth over €100B. The pigs’ breeders use preventive drugs to reduce risk of illnesses spreading and to increase their profits by 10%. Only in Poland farmers use yearly over 580 tons of pure antibiotics, which we later consume in meat or which pollute the environment causing antimicrobial resistance. Research shows that 80% of drugs are applied to animals therefore the probability that a given bacteria is immune to human drugs is very high. Officially more than 46% pig's farms used the preventive medicines (unofficial data shows that the number is twice higher). Additionally there is a lack of qualified veterinarians on the market who could monitor the farms. Until know there were no complex solution which address these challenges.ThermoEye is game changing innovation. After two years of experiments our engineers have designed a distributed, contactless IoT system for temperature monitoring based on cheap bolometric sensors (currently TRL7 with real tests). ThermoEye detects fever at early stage and helps farmers to protect herds in alternative, ecological friendly way without preventive antibiotics. The farmers' investment in ThermoEye returns in 18 months. The end customers receive antibiotic-free pork, and the vets obtains new tools for herd monitoring. Moreover we provide the statistical analysis for researchers. ThermoEye is a WIN-WIN-WIN solution for stakeholders providing income of €1/pig/month for our company. There are above 760M over the world. Smart Soft Solutions team has started in Poland, but we would like to be a global company. We won several competitions like MIT EF, Young in Lodz, EIT Food and we have seed investors on board who evaluated our product and business model. We presented our solution in Dubai, Bucharest, Hannover and other fairs to create book of orders. First sales was done last month. Recently EU Parliament banned preventive antibiotics usage since 2022 and it will strongly supports our company mission.","Küresel domuz eti pazarı 100 milyar sterlinin üzerindedir. Domuz yetiştiricileri, hastalıkların yayılma riskini azaltmak ve karlarını% 10 artırmak için önleyici ilaçlar kullanırlar. Sadece Polonya'da çiftçiler yılda 580 tondan fazla saf antibiyotik kullanıyor, bu da daha sonra ette tükettiğimiz veya çevreyi kirleten antimikrobiyal dirençlere neden oluyor. Araştırmalar, ilaçların %80'inin hayvanlara uygulandığını, bu nedenle belirli bir bakterinin insan ilaçlarına karşı bağışıklık kazanma olasılığının çok yüksek olduğunu göstermektedir. Resmi olarak domuz çiftliklerinin %46'dan fazlası önleyici ilaçları kullandı (resmi olmayan veriler bu sayının iki kat daha fazla olduğunu gösteriyor). Ek olarak, çiftlikleri izleyebilecek nitelikli veterinerlerin eksikliği de var. Bu zorlukları ele alan karmaşık bir çözüm olmadığını öğrenene kadar.ThermoEye oyun değiştiren yeniliktir. İki yıllık deneylerden sonra mühendislerimiz ucuz bolometrik sensörlere (şu anda gerçek testlerle TRL7) dayanan sıcaklık izleme için dağıtılmış, temassız bir IoT sistemi tasarladılar. ThermoEye, ateşi erken aşamada tespit eder ve çiftçilerin önleyici antibiyotikler olmadan alternatif, ekolojik dostu bir şekilde sürüleri korumalarına yardımcı olur. Çiftçilerin ThermoEye'a yaptığı yatırım 18 ay içinde geri dönüyor. Son müşteriler antibiyotiksiz domuz eti alırlar ve veterinerler sürü izleme için yeni araçlar elde ederler. Ayrıca araştırmacılar için istatistiksel analizleri de sunuyoruz. ThermoEye, şirketimiz için 1 / domuz / ay gelir sağlayan paydaşlar için bir WIN-WIN-WIN çözümüdür. Dünya üzerinde 760 milyonun üzerinde var. Smart Soft Solutions ekibi Polonya'da başladı, ancak küresel bir şirket olmak istiyoruz. MIT EF, Young in Lodz, EIT Food gibi birçok yarışmayı kazandık ve ürün ve iş modelimizi değerlendiren tohum yatırımcılarımız var. Çözümümüzü Dubai, Bükreş, Hannover ve diğer fuarlarda siparişler kitabı oluşturmak için sunduk. İlk satışlar geçen ay yapıldı. Son zamanlarda AB Parlamentosu 2022'den beri önleyici antibiyotik kullanımını yasakladı ve şirket misyonumuzu güçlü bir şekilde destekleyecektir.",Helsinki-NLP/opus-mt-en-tr,pending,pending,pending,pending,Pending human expert translation review.
653748,validation,anthropology,4,anthropology;climate_change_adaptation;cognitive_psychology;crisis_management;natural_disasters,"As risks are not “objective” but socially and culturally constructed, disaster management which is aware, respects, and makes use of local cultural aspects will be not only more effective but, at the same time, also improve the community’s disaster coping capacities. CARISMAND is setting out to identify these factors, to explore existing gaps and opportunities for improvement of disaster policies and procedures, and to develop a comprehensive toolkit which will allow professional as well as voluntary disaster managers to adopt culturally-aware everyday practices. This goal will be achieved by approaching the links, and gaps, between disaster management, culture and risk perception from the broadest possible multi-disciplinary perspective and, simultaneously, developing a feedback-loop between disaster management stakeholders and citizens to establish, test, and refine proposed solutions for culturally-informed best practices in disaster management. Whilst experts from a variety of fields (in particular legal, IT, cognitive science, anthropology, psychology, sociology) will undertake a comprehensive collation of existing knowledge and structures, a number of Citizen Summits and Stakeholder Assemblies will be organised. Systematically, CARISMAND will use an approach that examines natural, man-made and technical disasters, placing at the centre of attention specific aspects that affect culturally informed risk perceptions, eg whether disasters are caused intentionally or not, the different “visibility” of hazards, and various time scales of disasters such as slow/fast onset and short- and long-term effects. By organising six Citizen Summits (two per disaster category per year in two separate locations) where such disaster risks are prevalent , and three Stakeholder Assemblies (one per year) where the results are discussed through a wide cross-sectional knowledge transfer between disaster managers from different locations as well as from different cultural backgrounds.","Riskler ""objektif"" değil, sosyal ve kültürel olarak inşa edildiğinden, yerel kültürel yönlerin farkında olan, saygı duyan ve kullanan afet yönetimi sadece daha etkili olmakla kalmayacak, aynı zamanda toplumun afetle başa çıkma kapasitelerini de geliştirecektir. CARISMAND, bu faktörleri tanımlamak, afet politikalarının ve prosedürlerinin iyileştirilmesi için mevcut boşlukları ve fırsatları araştırmak ve profesyonel ve gönüllü afet yöneticilerinin kültürel olarak farkında olan günlük uygulamaları benimsemelerini sağlayacak kapsamlı bir araç seti geliştirmek için yola çıkıyor. Bu hedefe, afet yönetimi, kültür ve risk algısı arasındaki bağlantılara ve boşluklara, mümkün olan en geniş multi-disipliner perspektiften yaklaşarak ve eş zamanlı olarak afet yönetimi paydaşları ile vatandaşlar arasında afet yönetiminde kültürel olarak bilgilendirilmiş en iyi uygulamalar için önerilen çözümleri kurmak, test etmek ve rafine etmek için bir geri bildirim döngüsü geliştirerek ulaşılacaktır. Çeşitli alanlardan uzmanlar (özellikle hukuk, bilişim, bilişsel bilim, antropoloji, psikoloji, sosyoloji) mevcut bilgi ve yapıların kapsamlı bir şekilde birleştirilmesini üstlenirken, bir dizi Yurttaş Zirveleri ve Paydaş Meclisleri düzenlenecektir. Sistematik olarak, CARISMAND, doğal, insan yapımı ve teknik felaketleri inceleyen, kültürel olarak bilgilendirilmiş risk algılarını etkileyen belirli yönlerin merkezine yerleştirerek, örneğin afetlerin kasıtlı olarak neden olup olmadığı, tehlikelerin farklı ""görünümünü"" ve yavaş / hızlı başlangıçlı ve kısa ve uzun vadeli etkiler gibi çeşitli zaman aralıklarını içeren bir yaklaşım kullanacaktır. Bu tür felaket risklerinin yaygın olduğu altı Yurttaş Zirvesi (yılda iki ayrı yerde felaket kategorisi başına iki) ve sonuçların farklı yerlerden ve farklı kültürel geçmişlerden afet yöneticileri arasında geniş bir kesitsel bilgi aktarımı yoluyla tartışıldığı üç Paydaş Meclisi (yılda bir) düzenleyerek.",Helsinki-NLP/opus-mt-en-tr,pending,pending,pending,pending,Pending human expert translation review.
673797,validation,antibiotic_resistance,5,antibiotic_resistance;diabetes;laboratory_samples_analysis;lipids;microfluidics,"Convenience of measuring blood values without need of going to hospital has driven the market in developing several point-of-care blood testing products, which improve patients’ conditions, accessibility to data, and health status awareness (e.g. in diabetes type II monitoring). The biggest challenge that POCT faces is the still low adoption rate by the medical users. Three main adoption barriers nowadays prevent large-scale diffusion of blood-testing POCT in the European market: 1) Equipment Cost: it currently requires around 2 years for paying back the initial investment. The market requires products that can become profitable in much shorter time. 2) Product operability: most of the devices in the market still require manual sample preparation steps, needing trained operators and prone to procedural mistakes, which slow time to result and affect measurement accuracy. 3) Tests availability: Usually POCT devices can measure just very few parameters, forcing users to purchase different machines for different blood tests. Our product, the SenseLab, is designed to provide a simple, reliable and affordable solution for POCT monitoring of diabetes type II–related blood parameters, and beyond. The core of our product is our versatile patented bio-detection technique, the Sense-Ray technology, which allows very precise quantification of multiple biomarkers with extremely simple equipment, built on inexpensive off-the-shelf components. The proposed DIADEM project will provide BluSense management with a very clear landscape of the go-to market approaches which can be taken in the different EU market segments. The objective is to strengthen, via thorough analysis of the individual Europe market segments and geography, the best distribution and cost-structure opportunities for BluSense technology, including tailored regulatory certification pathways.We will be able to prepare a new robust and complete business plan, and to develop a solid commercialization strategy.","Hastaneye gitmeye gerek kalmadan kan değerlerinin ölçülebilmesi, hastaların koşullarını, verilere erişilebilirliğini ve sağlık durumu farkındalığını (örneğin diyabet tip II izlemede) iyileştiren birkaç bakım noktası kan testi ürünü geliştirme pazarını yönlendirmiştir. POCT'nin karşılaştığı en büyük zorluk, tıbbi kullanıcılar tarafından hala düşük evlat edinme oranıdır. Günümüzde üç ana evlat edinme engeli, Avrupa pazarında kan testi POCT'nin büyük ölçekli difüzyonunu engellemektedir: 1) Ekipman Maliyeti: Şu anda ilk yatırımı geri ödemek için yaklaşık 2 yıl gerekiyor. Piyasa, çok daha kısa sürede karlı hale gelebilecek ürünler gerektirir. 2) Ürün çalışabilirliği: Piyasadaki cihazların çoğu hala manuel örnek hazırlama adımları gerektirir, eğitimli operatörlere ihtiyaç duyar ve ölçüm doğruluğunu sonuçlandırmak ve etkilemek için zamanı yavaşlatan prosedür hatalarına eğilimlidir. 3) Testler kullanılabilirliği: Genellikle POCT cihazları çok az parametreyi ölçebilir ve kullanıcıları farklı kan testleri için farklı makineler satın almaya zorlar. Ürünümüz SenseLab, diyabet tip II ile ilgili kan parametrelerinin POCT izlenmesi için basit, güvenilir ve uygun fiyatlı bir çözüm sağlamak üzere tasarlanmıştır. Ürünümüzün çekirdeği, çok yönlü patentli biyo-tanımlama tekniğimiz olan Sense-Ray teknolojisi, çok sayıda biyobelirteçlerin son derece basit ekipmanlarla çok hassas bir şekilde nicelenmesine izin verir, raf dışı bileşenler üzerine inşa edilmiştir. Önerilen DIADEM projesi, BluSense yönetimine farklı AB pazar segmentlerinde alınabilecek piyasa yaklaşımlarının çok net bir görünümünü sağlayacaktır. Amaç, bireysel Avrupa pazarı segmentleri ve coğrafyasının kapsamlı bir analizi yoluyla, BluSense teknolojisi için en iyi dağıtım ve maliyet yapısı fırsatlarını, özelleştirilmiş düzenleyici sertifikasyon yolları da dahil olmak üzere güçlendirmektir.Yeni, sağlam ve eksiksiz bir iş planı hazırlayabilecek ve sağlam bir ticarileştirme stratejisi geliştirebileceğiz.",Helsinki-NLP/opus-mt-en-tr,pending,pending,pending,pending,Pending human expert translation review.
955626,validation,antibiotics,6,antibiotics;bacteriology;coating_and_films;graphene;proteomics,"The World Health Organisation named antibiotic resistance as one of the greatest threats to global health, predicting the advent of infections not responding to antibiotics. The humanity needs to pioneer disruptive technologies to re-gain the upper hand. To do so, PEST-BIN mobilized 5 universities, 3 institutes, a hospital and 5 private companies. We will fight infections with very diverse tools: from nano-engineering, antibiotic production, via proteomics-based diagnostics to big data analysis using artificial intelligence (AI). PEST-BIN will train ESRs in an interdisciplinary and intersectoral environment in these impact areas:1) Diagnostics: Current diagnostic tools fail to meet the clinical requirements for high speed, throughput, accuracy, cost and simplicity of use. PEST-BIN will develop infection diagnostic kits based on graphene, that will be functionalized by receptors capturing infection biomarkers. Our chips will contain only pure carbon and biodegradable polymers – zero environmental footprint. They will be used as “plug-and-play” disposable chips with a micro-SD jack.2) Infection mechanisms: MS proteomics has been extensively used to analyse infectious bacteria, but our understanding of infection mechanisms has not advanced much. PEST-BIN is taking two new directions: i) generate proteomics datasets more relevant, comprehensive and time-resolved and ii) use novel computational tools (based on AI) to analyse proteomics datasets. This will lead to new drug targets for development of antibiotics.3) Killing biofilms: Dense extracellular matrix prevents drugs from reaching bacteria inside biofilms. This limited exposure enhances development of antibiotic tolerance. PEST-BIN will engineer magnetic nanoparticles (directed by magnetic field), spiked with antibacterial graphene coating which will be loaded with antibiotics. Such molecular “nano-weapons” will physically penetrate biofilms and ensure sustained delivery of antibiotics inside biofilms.","Dünya Sağlık Örgütü, antibiyotik direncini küresel sağlık için en büyük tehditlerden biri olarak adlandırdı ve antibiyotiklere yanıt vermeyen enfeksiyonların ortaya çıkışını öngördü. İnsanlığın yeniden üstünlük sağlamak için yıkıcı teknolojilere öncülük etmesi gerekiyor. Bunun için PEST-BIN, 5 üniversite, 3 enstitü, bir hastane ve 5 özel şirketi harekete geçirdi. Enfeksiyonlarla çok çeşitli araçlarla mücadele edeceğiz: nano-mühendislik, antibiyotik üretimi, proteomik tabanlı tanı yoluyla yapay zeka (AI) kullanarak büyük veri analizine. PEST-BIN, ESR'leri bu etki alanlarında disiplinler arası ve kesişen bir ortamda eğitecektir: 1) Teşhis: Mevcut teşhis araçları, yüksek hız, verim, doğruluk, maliyet ve kullanım kolaylığı için klinik gereksinimleri karşılayamamaktadır. PEST-BIN, enfeksiyon biyobelirteçlerini yakalayan reseptörler tarafından işlevsel hale getirilecek olan grafene dayalı enfeksiyon teşhis kitleri geliştirecektir. Çiplerimiz sadece saf karbon ve biyolojik olarak parçalanabilen polimerler - sıfır çevresel ayak izi içerecektir. Mikro-SD kriko ile ""plug-and-play"" tek kullanımlık çipler olarak kullanılacaktır.2) Enfeksiyon mekanizmaları: MS proteomikleri bulaşıcı bakterileri analiz etmek için yaygın olarak kullanılmıştır, ancak enfeksiyon mekanizmalarını anlamamız çok ilerlememiştir. PEST-BIN iki yeni yön alıyor: i) proteomik veri kümelerini daha alakalı, kapsamlı ve zaman çözülmüş ve ii) proteomik veri kümelerini analiz etmek için yeni hesaplama araçları (AI tabanlı) kullanıyor. Bu, antibiyotiklerin gelişimi için yeni ilaç hedeflerine yol açacaktır.3) Biyofilmleri öldürmek: Yoğun hücre dışı matriks, ilaçların biyofilmlerin içindeki bakterilere ulaşmasını önler. Bu sınırlı maruz kalma, antibiyotik toleransının gelişimini artırır. PEST-BIN, antibiyotiklerle yüklenecek antibakteriyel grafen kaplama ile kaplanmış manyetik nanopartikülleri (manyetik alan tarafından yönlendirilen) üretecektir. Bu tür moleküler ""nano-silahlar"" fiziksel olarak biyofilmlere nüfuz edecek ve biyofilmlerin içinde sürekli antibiyotik verilmesini sağlayacaktır.",Helsinki-NLP/opus-mt-en-tr,pending,pending,pending,pending,Pending human expert translation review.
724857,validation,archaeology,5,archaeology;black_holes;galaxy_evolution;history;satellite_technology,"Globular clusters (GCs) are enigmatic objects that hide a wealth of information. They are the living fossils of the history of their native galaxies and the record keepers of the violent events that made them change their domicile. This proposal aims to mine GCs as living fossils of galaxy evolution to address fundamental questions in astrophysics: (1) Do satellite galaxies merge as predicted by the hierarchical build-up of galaxies? (2) Which are the seeds of supermassive black holes in the centres of galaxies? (3) How did star formation originate in the earliest phases of galaxy formation? To answer these questions, novel population-dependent dynamical modelling techniques are required, whose development the PI has led over the past years. This uniquely positions him to take full advantage of the emerging wealth of chemical and kinematical data on GCs.Following the tidal disruption of satellite galaxies, their dense GCs, and maybe even their nuclei, are left as the most visible remnants in the main galaxy. The hierarchical build-up of their new host galaxy can thus be unearthed by recovering the GCs’ orbits. However, currently it is unclear which of the GCs are accretion survivors. Actually, the existence of a central intermediate mass black hole (IMBH) or of multiple stellar populations in GCs might tell which ones are accreted. At the same time, detection of IMBHs is important as they are predicted seeds for supermassive black holes in galaxies; while the multiple stellar populations in GCs are vital witnesses to the extreme modes of star formation in the early Universe. However, for every putative dynamical IMBH detection so far there is a corresponding non-detection; also the origin of multiple stellar populations in GCs still lacks any uncontrived explanation. The synergy of novel techniques and exquisite data proposed here promises a breakthrough in this emerging field of dynamical archeology with GCs as living fossils of the past of galaxies.","Globular kümeler (GC'ler), bilgi zenginliğini gizleyen esrarengiz nesnelerdir. Yerli galaksilerinin tarihinin yaşayan fosilleridirler ve onları ikamet yerlerini değiştiren şiddetli olayların kayıt bekçileridirler. Bu öneri, GC'leri astrofizikteki temel soruları ele almak için galaksi evriminin yaşayan fosilleri olarak çıkarmayı amaçlamaktadır: (1) Uydu galaksileri, galaksilerin hiyerarşik birikmesiyle öngörüldüğü gibi birleşiyor mu? (2) Galaksilerin merkezlerindeki süper kütleli kara deliklerin tohumları nelerdir? (3) Yıldız oluşumu, galaksi oluşumunun ilk aşamalarında nasıl ortaya çıktı? Bu soruları cevaplamak için, PI'nin son yıllarda geliştirdiği yeni nüfus bağımlı dinamik modelleme teknikleri gereklidir. Bu eşsiz GC'ler üzerinde kimyasal ve kinematik verilerin ortaya çıkan zenginliğinden tam olarak yararlanmak için onu konumlandırır.Uydu galaksileri, yoğun GC'leri ve hatta belki de çekirdeklerinin gelgit bozulmasını takiben, ana galaksideki en görünür kalıntılar olarak bırakılır. Yeni ev sahibi galaksilerinin hiyerarşik birikmesi böylece GC'lerin yörüngelerini kurtararak ortaya çıkarılabilir. Bununla birlikte, şu anda GC'lerden hangisinin akresyondan kurtulanlar olduğu belirsizdir. Aslında, merkezi bir ara kütle kara deliğinin (IMBH) veya GC'lerdeki çoklu yıldız popülasyonlarının varlığı, hangilerinin biriktiğini söyleyebilir. Aynı zamanda, IMBH'lerin tespiti, galaksilerdeki süper kütleli kara delikler için tohumlar öngörüldüğü için önemlidir; GC'lerdeki çoklu yıldız popülasyonları, erken Evren'deki yıldız oluşumunun aşırı modlarının hayati tanıklarıdır. Bununla birlikte, şimdiye kadarki her putatif dinamik IMBH tespiti için karşılık gelen bir tespit yoktur; ayrıca GC'lerdeki çoklu yıldız popülasyonlarının kökeni hala herhangi bir keşfedilmemiş açıklamadan yoksundur. Burada önerilen yeni tekniklerin ve zarif verilerin sinerjisi, galaksilerin geçmişinin yaşayan fosilleri olarak GC'ler ile bu gelişen dinamik arkeoloji alanında bir atılım vaat ediyor.",Helsinki-NLP/opus-mt-en-tr,pending,pending,pending,pending,Pending human expert translation review.
780215,validation,arithmetics,5,arithmetics;climatic_change_mitigation;computer_processors;mobile_phones,"The MNEMOSENE project aims at demonstrating a new computation-in-memory (CIM) based on resistive devices together with its required programming flow and interface. To develop the new architecture, the following scientific and technical objectives will be targeted:• Objective 1: Develop new algorithmic solutions for targeted applications for CIM architecture. • Objective 2: Develop and design new mapping methods integrated in a framework for efficient compilation of the new algorithms into CIM macro-level operations; each of these is mapped to a group of CIM tiles.• Objective 3: Develop a macro-architecture based on the integration of group of CIM tiles, including the overall scheduling of the macro-level operation, data accesses, inter-tile communication, the partitioning of the crossbar, etc. • Objective 4: Develop and demonstrate the micro-architecture level of CIM tiles and their models, including primitive logic and arithmetic operators, the mapping of such operators on the crossbar, different circuit choices and the associated design trade-offs, etc.• Objective 5: Design a simulator (based on calibrated models of memristor devices & building blocks) and FPGA emulator for the new architecture (CIM device combined with conventional CPU) in order demonstrate its superiority. Demonstrate the concept of CIM by performing measurements on fabricated crossbar mounted on a PCB board. A demonstrator will be produced and tested to show that the storage and processing can be integrated in the same physical location to improve energy efficiency and also to show that the proposed accelerator is able to achieve the following measurable targets (as compared with a general purpose multi-core platform) for the considered applications:• Improve the energy-delay product by factor of 100X to 1000X• Improve the computational efficiency (#operations / total-energy) by factor of 10X to 100X• Improve the performance density (# operations per area) by factor of 10X to 100X""""","MNEMOSENE projesi, gerekli programlama akışı ve arayüzü ile birlikte dirençli cihazlara dayanan yeni bir hesaplama-in-memory (CIM) göstermeyi amaçlamaktadır. Yeni mimariyi geliştirmek için, aşağıdaki bilimsel ve teknik hedefler hedeflenecektir: Amaç 1: CIM mimarisi için hedeflenen uygulamalar için yeni algoritmik çözümler geliştirin. Amaç 2: Yeni algoritmaların CIM makro düzeyindeki işlemlere verimli bir şekilde derlenmesi için bir çerçeveye entegre edilmiş yeni haritalama yöntemleri geliştirin ve tasarlayın; Bunların her biri bir grup CIM karosuna haritalanır, genel çizelgeleme dahil olmak üzere CIM karolarının entegrasyonuna dayalı bir makro mimari geliştirin. Bir PCB kartına monte edilmiş uydurma çapraz çubuk üzerinde ölçümler yaparak CIM kavramını gösterin. Enerji verimliliğini artırmak için depolama ve işlemenin aynı fiziksel konuma entegre edilebileceğini ve önerilen hızlandırıcının, düşünülen uygulamalar için aşağıdaki ölçülebilir hedeflere (genel amaçlı çok çekirdekli bir platformla karşılaştırıldığında) ulaşabileceğini göstermek için bir gösterici üretilecek ve test edilecektir: 100X'ten 1000X'e çarpan enerji gecikmeli ürün"" Hesaplama verimliliğini (#operasyonlar / toplam enerji) 100X'ten 100X'e kadar arttırın",Helsinki-NLP/opus-mt-en-tr,pending,pending,pending,pending,Pending human expert translation review.
724649,validation,art_history,5,art_history;history;planetary_geology,"Breaking new ground, METROMOD proposes a rewriting of modern art history as a history of global interconnections, spurred by migration movements and rooted in cities. Revising the historiography of modern art, which still continues to be dominated by the hegemonic and normative narratives of (Western) European Modernism and ignores the significance of exile movements, METROMOD conceptualizes art history as a result of interrelations and negotiations in global contact zones, unstable flows, transformations and crises. In its analysis, METROMOD focuses on the first half of the 20th century. During this era the modern movement emerged as a paradigm in art and architecture, and rapid urbanization took place globally; thousands of persecuted European modern artists fled their homes, re-establishing their practices in metropolises across the world. Reflecting both the geographical extent of these exile movements and their local urban impact METROMOD examines 6 key migrant destinations—the global cities of London, New York, Buenos Aires, Istanbul, Shanghai and Bombay (now Mumbai)—following three main objectives: to explore transformations in urban topographies, identifying artistic contact zones and places of transcultural art production; to investigate networks of exiled and local artists as well as collaborative projects and exhibitions; and to analyse art publications and discourse generated in centres of exile. Digital mapping will locate sites of artistic migration in the cities and demonstrate linkages between transforming metropolises and flows of people and objects around the world. The conceptual triangle of modernism, migration and the metropolis forms the foundation of an innovative comparative, interdisciplinary methodology. As well as impacting art history, METROMOD will provide a historical perspective from which today’s mass migration movements can be better understood.","Yeni bir çığır açan METROMOD, modern sanat tarihinin, göç hareketlerinin teşvik ettiği ve şehirlerde kök saldığı küresel bağlantıların tarihi olarak yeniden yazılmasını önermektedir. Halen (Batı) Avrupa Modernizminin hegemonik ve normatif anlatılarının hakim olduğu ve sürgün hareketlerinin önemini göz ardı eden modern sanatın tarih yazımını revize eden METROMOD, küresel temas bölgelerindeki ilişkiler ve müzakereler, kararsız akışlar, dönüşümler ve krizler sonucunda sanat tarihini kavramsallaştırmaktadır. METROMOD, analizinde 20. yüzyılın ilk yarısına odaklanmaktadır. Bu dönemde modern hareket, sanat ve mimaride bir paradigma olarak ortaya çıktı ve hızlı kentleşme küresel olarak gerçekleşti; binlerce zulüm gören Avrupalı modern sanatçı, dünyadaki metropollerde uygulamalarını yeniden kurarak evlerinden kaçtı. Hem bu sürgün hareketlerinin coğrafi boyutunu hem de yerel kentsel etkilerini yansıtan METROMOD, Londra, New York, Buenos Aires, İstanbul, Şangay ve Bombay'ın (şimdi Mumbai) küresel şehirleri olmak üzere altı önemli göçmen varış noktasını inceliyor ve üç ana hedefi takip ediyor: kentsel topografyalardaki dönüşümleri araştırmak, sanatsal temas alanlarını ve kültürlerarası sanat üretiminin yerlerini belirlemek; sürgün edilen ve yerel sanatçıların ağlarının yanı sıra işbirlikçi projeler ve sergiler araştırmak; ve sürgün yayınlarında oluşturulan sanat yayınlarını analiz etmek. Dijital haritalama, şehirlerdeki sanatsal göç alanlarını bulacak ve dünyadaki insanların ve nesnelerin dönüşüm metropolleri ve akışları arasındaki bağlantıları gösterecektir. Modernizmin, göçün ve metropolün kavramsal üçgeni, yenilikçi karşılaştırmalı, disiplinler arası bir metodolojinin temelini oluşturur. Sanat tarihini etkilemenin yanı sıra, METROMOD, bugünün kitlesel göç hareketlerinin daha iyi anlaşılabileceği tarihsel bir bakış açısı sağlayacaktır.",Helsinki-NLP/opus-mt-en-tr,pending,pending,pending,pending,Pending human expert translation review.
759248,validation,arteriosclerosis,5,arteriosclerosis;homeostasis;mortality;nucleotides;rna,"Endothelial cells cover the entire arterial and venous tree, and play a pivotal role in vascular and organ homeostasis. In general, cardiovascular risk factors induce endothelial cell activation towards a pro-inflammatory phenotype leading to atherosclerosis, a major cause of mortality in the Western world. Understanding the mechanisms that orchestrate endothelial cell functions and response to environmental stimuli is essential for the discovery and development of novel biomarkers and therapeutic strategies in vascular disease. RNA base modifications increase the RNA alphabet from the 4 canonical nucleotides to more than 140. Adenosine methylation at the N6 position (m6A) is the most prevalent RNA modification in eukaryotic mRNA and is catalyzed by a multiprotein methyltransferase complex. Accumulating recent evidence suggests that m6A RNA methylation is a critical posttranscriptional regulator of RNA metabolism. In preliminary unpublished work we have identified methylated RNA targets, which may critically regulate endothelial cell functions. Since the impact of m6A RNA methylation on vascular function is completely unknown, MODVASC aims to explore the role of m6A RNA methylation in vascular growth, homeostasis and disease. By m6A-RNA immunoprecipitation followed by RNA-sequencing we will identify the transcriptome-wide m6A RNA methylation in endothelial cells under basal and stress conditions. With the help of advanced molecular biology and biochemical methods, we will describe in single nucleotide level the impact of m6A RNA methylation on mRNA fate and RNA-protein interactions and define its functional consequences in endothelial cell functions. In vivo studies will consolidate the impact of endothelial RNA methylation on vascular growth and homeostasis as well as its contribution to atherosclerosis. Finally, MODVASC will evaluate the clinical relevance of our findings in patients with cardiovascular disease.","Endotel hücreleri tüm arteriyel ve venöz ağacı kaplar ve vasküler ve organ homeostazında önemli bir rol oynar. Genel olarak, kardiyovasküler risk faktörleri, Batı dünyasında ölümlerin önemli bir nedeni olan ateroskleroza yol açan bir pro-inflamatuar fenotipe doğru endotelyal hücre aktivasyonunu indükler. Endotel hücre fonksiyonlarını düzenleyen mekanizmaları anlamak ve çevresel uyaranlara yanıt vermek, vasküler hastalıklarda yeni biyobelirteçlerin ve terapötik stratejilerin keşfedilmesi ve geliştirilmesi için gereklidir. RNA baz modifikasyonları 4 kanonik nükleotitten RNA alfabesini 140'tan fazla arttırır. N6 pozisyonundaki (m6A) adenozin metilasyonu ökaryotik mRNA'daki en yaygın RNA modifikasyonudur ve multiprotein metiltransferaz kompleksi tarafından katalize edilir. Son kanıtları bir araya getirmek, m6A RNA metilasyonunun RNA metabolizmasının kritik bir posttranskripsiyonel düzenleyicisi olduğunu göstermektedir. Yayınlanmamış ön çalışmada, endotel hücre fonksiyonlarını eleştirel bir şekilde düzenleyebilecek metillenmiş RNA hedefleri belirledik. M6A RNA metilasyonunun vasküler fonksiyon üzerindeki etkisi tamamen bilinmediğinden, MODVASC m6A RNA metilasyonunun vasküler büyüme, homeostaz ve hastalıktaki rolünü araştırmayı amaçlamaktadır. m6A-RNA immünopresipasyonu ve ardından RNA dizilimi ile, bazal ve stres koşulları altında endotel hücrelerinde transkriptom genişliğinde m6A RNA metilasyonu tanımlayacağız. Gelişmiş moleküler biyoloji ve biyokimyasal yöntemlerin yardımıyla, m6A RNA metilasyonunun mRNA kaderi ve RNA-protein etkileşimleri üzerindeki etkisini tek nükleotit düzeyinde tanımlayacağız ve fonksiyonel sonuçlarını endotel hücre fonksiyonlarında tanımlayacağız. In vivo çalışmaları, endotelyal RNA metilasyonunun vasküler büyüme ve homeostaz üzerindeki etkisini ve ateroskleroza olan katkısını pekiştirecektir. Son olarak, MODVASC kardiyovasküler hastalığı olan hastalarda bulgularımızın klinik alaka düzeyini değerlendirecektir.",Helsinki-NLP/opus-mt-en-tr,pending,pending,pending,pending,Pending human expert translation review.
862893,validation,artificial_intelligence,5,artificial_intelligence;quantum_chemistry;quantum_computers;superconductivity;topology,"FATMOLS introduces a new paradigm in the world of quantum technologies: the molecular spin quantum processor. Artificial magnetic molecules that realize spin qudits, with multiple addressable quantum spin states, are controlled, read-out and linked via their coherent coupling to on-chip superconducting circuits. This novel scheme integrates quantum functionalities at three different scales (nuclear spins, electronic spins and circuits), is inherently modular and therefore scalable, and is also very flexible. It admits different qudit realizations, can create diverse qubit arrays and topologies and perform quantum simulations and fault-tolerant quantum computing, with quantum error correction either embedded in each molecule or distributed among different nodes in a topological lattice. FATMOLS objective is to provide a proof-of-concept of one of the repetition unit cells of this platform, involving at least two molecules with multiple and fully addressable levels, from which more complex architectures can be created. To achieve this goal, FATMOLS will design suitable algorithms and architectures for specific applications (quantum chemistry simulations, quantum error correction) and create, test and interconnect the different components of this technology (molecules, superconducting nano-resonators and control electronics), through a creative collaboration between disciplines and between top-level academic and industrial partners. In the short term, the project will reshape multi-frequency magnetic resonance instrumentation, a key enabling technology of widespread use. In the medium to long term, it will define an alternative roadmap to reach the next level of computational power (100-1000 qubits) and, therefore, address quantum optimization and quantum simulation problems with direct impact on diverse economic sectors, including agriculture, health-care, energy and artificial intelligence.","FATMOLS, kuantum teknolojileri dünyasında yeni bir paradigmayı tanıtıyor: moleküler spin kuantum işlemcisi. Birden fazla adreslenebilir kuantum spin durumuna sahip spin quditlerini gerçekleştiren yapay manyetik moleküller, on-chip süperiletken devrelerine tutarlı bir şekilde bağlanmaları yoluyla kontrol edilir, okunur ve bağlanır. Bu roman şeması, kuantum işlevlerini üç farklı ölçekte (nükleer spinler, elektronik spinler ve devreler) bütünleştirir, doğal olarak modülerdir ve bu nedenle ölçeklenebilirdir ve aynı zamanda çok esnektir. Farklı qudit gerçekleşmelerini kabul eder, çeşitli qubit dizileri ve topolojileri oluşturabilir ve kuantum simülasyonları ve hataya toleranslı kuantum hesaplaması yapabilir, kuantum hata düzeltmesi ya her bir moleküle gömülüdür ya da topolojik bir kafeste farklı düğümler arasında dağıtılır. FATMOLS'un amacı, bu platformun tekrar ünite hücrelerinden birinin, daha karmaşık mimarilerin oluşturulabileceği, çoklu ve tamamen adreslenebilir seviyelere sahip en az iki molekülü içeren bir kavram kanıtı sağlamaktır. Bu amaca ulaşmak için FATMOLS, belirli uygulamalar için (kuantum kimya simülasyonları, kuantum hata düzeltmesi) uygun algoritmalar ve mimariler tasarlayacak ve bu teknolojinin farklı bileşenlerini (moleküller, süperiletken nano-rezonatörler ve kontrol elektroniği) disiplinler arasında ve üst düzey akademik ve endüstriyel ortaklar arasında yaratıcı bir işbirliği yoluyla oluşturacak, test edecek ve birbirine bağlayacaktır. Kısa vadede, proje, yaygın kullanım için önemli bir olanak sağlayan bir teknoloji olan çok frekanslı manyetik rezonans enstrümantasyonunu yeniden şekillendirecek. Orta ila uzun vadede, bir sonraki hesaplama gücüne (100-1000 qubit) ulaşmak için alternatif bir yol haritası tanımlayacak ve bu nedenle, tarım, sağlık, enerji ve yapay zeka dahil olmak üzere çeşitli ekonomik sektörler üzerinde doğrudan etkisi olan kuantum optimizasyonu ve kuantum simülasyon problemlerini ele alacaktır.",Helsinki-NLP/opus-mt-en-tr,pending,pending,pending,pending,Pending human expert translation review.
647737,validation,arts,6,arts;digital_humanities;ethnology;globalization;human_migrations,"Many immigrants enter Europe both legally and illegally every year. This creates multiple challenges for the Union, including the gender and ethnic segregation of migrant groups, especially women. While it strives for an inclusive and integrated society as envisioned by the EU motto ‘Unity in Diversity’, it is still often perceived more as ‘Fortress Europe.’ This project focuses on the ‘connected migrant’, studying how virtual communities of migrants, or digital diasporas, convey issues of technology, migration, globalisation, alienation and belonging capturing the lives of migrants in their interaction with multiple worlds and media. More specifically, it will investigate whether digital technologies enhance European integration or foster gender and ethnic segregation, and, if so, how. Using a multi-layered and cutting-edge approach that draws from the humanities, social science and new media studies (i.e. internet studies and mobile media), this research considers: 1. How migration and digital technologies enable digital diasporas (Somali, Turkish, Romanian) and the impact these have on identity, gender and belonging in European urban centres; 2. How these entanglements are connected to and perceived from outside Europe by focusing on transnational ties; and 3. How digital connections create new possibilities for cosmopolitan outlooks, rearticulating Europe’s motto of ‘Unity in Diversity.’ The outcomes of this work will be innovative at three levels. a) Empirically, the project gathers, maps and critically grounds online behaviour by migrant women from a European comparative perspective. b) Methodologically, it breaks new ground by developing new methods of analysis for digital diasporas contributing to the development of ‘postcolonial’ digital humanities. c) Conceptually, it integrates colonial and migrant relations into the idea of Europe, elaborating on the notion of cosmopolitan belonging through virtual connectivity.","Birçok göçmen Avrupa'ya her yıl hem yasal hem de yasadışı olarak giriyor. Bu, başta kadınlar olmak üzere göçmen gruplarının cinsiyeti ve etnik ayrılığı da dahil olmak üzere Birlik için birçok zorluk yaratmaktadır. AB'nin ""çeşitlilikte birlik"" sloganının öngördüğü kapsayıcı ve entegre bir toplum için çaba sarf ederken, yine de daha çok ""Fortress Europe"" olarak algılanmaktadır. Bu proje, sanal göçmen topluluklarının veya dijital diasporaların, teknoloji, göç, küreselleşme, yabancılaşma ve göçmenlerin hayatlarını birden fazla dünya ve medya ile etkileşimlerinde yakalama konularını nasıl aktardıklarını inceleyen 'bağlantılı göçmen'e odaklanmaktadır. Daha spesifik olarak, dijital teknolojilerin Avrupa entegrasyonunu artırıp geliştirmediğini veya cinsiyet ve etnik ayrımı teşvik edip etmediğini ve eğer öyleyse nasıl olduğunu araştıracaktır. Bu araştırma, beşeri bilimler, sosyal bilimler ve yeni medya çalışmalarından (yani internet çalışmaları ve mobil medya) yararlanan çok katmanlı ve son teknoloji bir yaklaşım kullanarak şunları dikkate almaktadır: 1. Göç ve dijital teknolojilerin dijital diasporalara (Somali, Türkçe, Romence) nasıl olanak sağladığı ve bunların Avrupa kent merkezlerinde kimlik, cinsiyet ve aidiyet üzerindeki etkisi; 2. Bu dolaşıklıkların, ulusötesi bağlara odaklanarak Avrupa dışından nasıl bağlandığı ve algılandığı; ve 3. Dijital bağlantıların kozmopolit bakış açıları için yeni olanaklar yaratması, Avrupa'nın 'çeşitlilikte birlik' sloganını yeniden kurgulaması. Bu çalışmanın sonuçları üç düzeyde yenilikçi olacaktır. a) Empirik olarak, proje, göçmen kadınların Avrupa karşılaştırmalı bir perspektiften çevrimiçi davranışlarını toplar, haritalar ve eleştirel bir şekilde temellendirir. b) Metodolojik olarak, ‘kolonyal’ dijitalitenin gelişimine katkıda bulunan dijital diasporalar için yeni analiz yöntemleri geliştirerek yeni bir zemin oluşturur.",Helsinki-NLP/opus-mt-en-tr,pending,pending,pending,pending,Pending human expert translation review.
665751,validation,asthma,5,asthma;coronaviruses;gene_therapy;rna;ultrasound,"According to the WHO 235 million people suffer from asthma and 64M people have chronic obstructive pulmonary disease, leading to 3M deaths per year worldwide. The cost of treating patients with all forms of lung disease is ~ €380B p.a., leading to the loss of >50M DALYS. Generally, patients with such respiratory diseases are treated by inhalation of medicines within aerosols, where the therapy (including medicine or biologics used in gene therapy) can be targeted directly to the lung. The accepted wisdom is that such pulmonary delivery requires aerosol droplet sizes of between 1 and 5 μm. We have now shown that by using a new ultrasonic technology, we can create monodisperse aerosol droplets, which could be used for therapeutic delivery of medicines, genes and RNA to specific regions in the lungs. In one strand of the work we aim to demonstrate that this precise nebulisation technology improves the efficacy of treatment through enhanced drug uptake. In a second strand, we will demonstrate selective targeting of different tissue types in the lungs. For example, the epithelium in cystic fibrosis patients is currently extremely difficult to access leading to limitations in the amount and quality of data obtained for pre-clinical and clinical gene therapies. Similarly, targeting vascular cells is an appealing treatment for patients with pulmonary arterial hypertension, although, again, effective delivery necessitates that the therapeutic system transits defined and substantial anatomical barriers. The overall aim is to demonstrate that this new technology can define routes to new therapies, improve clinical outcomes and reduce healthcare costs. To achieve this we will develop a prototype nebuliser based upon proprietary technology and show that different medicines and gene therapies can be delivered effectively to the lungs of a model mouse. We will also start to build a commercial team and work closely with industry to deliver impact and innovation to the market.","WHO'ya göre 235 milyon insan astım hastasıdır ve 64 milyon insan kronik obstrüktif akciğer hastalığına sahiptir ve bu da dünya çapında yılda 3 milyon ölüme yol açar. Her türlü akciğer hastalığı olan hastaları tedavi etmenin maliyeti  380B p.a.'dır ve bu da> 50M DALYS kaybına yol açar. Genel olarak, bu tür solunum hastalıkları olan hastalar, tedavinin (gen terapisinde kullanılan ilaç veya biyolojik maddeler dahil) doğrudan akciğere hedeflenebildiği aerosoller içinde ilaçların solunmasıyla tedavi edilir. Kabul edilen bilgelik, bu tür pulmoner doğumun 1 ila 5 m arasında aerosol damlacık boyutları gerektirmesidir. Şimdi yeni bir ultrasonik teknoloji kullanarak, ilaçların, genlerin ve RNA'nın akciğerlerdeki belirli bölgelere terapötik olarak iletilmesi için kullanılabilecek monodisperse aerosol damlacıkları oluşturabileceğimizi gösterdik. Çalışmanın bir ipliğinde, bu kesin nebulizasyon teknolojisinin gelişmiş ilaç alımı yoluyla tedavinin etkinliğini artırdığını göstermeyi amaçlıyoruz. İkinci bir iplikte, akciğerlerdeki farklı doku tiplerinin seçici hedeflemesini göstereceğiz. Örneğin, kistik fibrozis hastalarındaki epitelyuma şu anda klinik öncesi ve klinik gen terapileri için elde edilen verilerin miktarında ve kalitesinde sınırlamalara yol açan erişim son derece zordur. Benzer şekilde, vasküler hücreleri hedeflemek pulmoner arteriyel hipertansiyonu olan hastalar için çekici bir tedavidir, ancak yine de etkili doğum terapötik sistem geçişlerinin tanımlanmış ve önemli anatomik bariyerleri gerektirir. Genel amaç, bu yeni teknolojinin yeni terapilere giden yolları tanımlayabileceğini, klinik sonuçları iyileştirebileceğini ve sağlık masraflarını azaltabileceğini göstermektir. Bunu başarmak için, tescilli teknolojiye dayanan bir prototip nebuliser geliştireceğiz ve farklı ilaç ve gen terapilerinin model bir farenin akciğerlerine etkili bir şekilde teslim edilebileceğini göstereceğiz. Ayrıca ticari bir ekip kurmaya ve pazara etki ve yenilik sunmak için endüstri ile yakın çalışmaya başlayacağız.",Helsinki-NLP/opus-mt-en-tr,pending,pending,pending,pending,Pending human expert translation review.
101020459,validation,astrophysics,6,astrophysics;exoplanetology;geometry;law;radio_frequency,"The project aims at expanding the planetology, exoplanets and space weather fields by obtaining the first confirmed detections and subsequent in-depth studies of radio emissions from exoplanets. Origin of the emissions can be the magnetosphere of the exoplanet or its plasma interaction with its parent star. Magnetospheres of Solar System planets are very diverse, although emerging from the same basic plasma physics laws. Better sampling the parameter space by exploring various stellar luminosities and winds properties, planetary magnetic fields, geometries of interaction, will allow us to identify fundamental processes and separate them from the specificities of each system, as was done earlier for the question of planetary formation. Although recent observations at 100-200 MHz from large modern radiotelescopes may be revealing the first star-planet plasma interactions, I show why our searches must concentrate at the lowest frequencies observable from the ground, 10 to 85 MHz, and why intense enough signal should exist at these frequencies. The world’s most sensitive instrument in this range, NenuFAR, of which I am principal investigator, is now operational, and I will use it to conduct the largest ever exoplanet search program at radio frequencies. The main analysis tools have been developed and tested on LOFAR data, and the frame for interpreting theoretically the detected signals is ready. I took a large part in all these developments. I am thus at the right place and time to get the detections that will open the new field of comparative exo-magnetospheric physics and exo-space weather, as well as open a new window to study exoplanets, their magnetic field, interior structure, rotation, inclination, the parent-star interaction, and even habitability. These revolutionary developments will usher a new era in astrophysics. While studying the northern low-frequency sky with NenuFAR, I will also prepare in a timely way our exploration of the southern sky with SKA.","Proje, ötegezegenlerden gelen radyo emisyonlarının ilk doğrulanmış tespitlerini ve daha sonra derinlemesine incelemelerini elde ederek gezegenbilimi, dış gezegenler ve uzay hava alanlarını genişletmeyi amaçlamaktadır. Emisyonların kökeni, ötegezegenin manyetosferi veya ana yıldızıyla plazma etkileşimi olabilir. Güneş Sistemi gezegenlerinin manyetosferleri çok çeşitlidir, ancak aynı temel plazma fiziği yasalarından ortaya çıkmaktadır. Çeşitli yıldız parlaklıklarını ve rüzgar özelliklerini, gezegen manyetik alanlarını, etkileşim geometrilerini keşfederek parametre uzayını daha iyi örneklemek, daha önce gezegen oluşumu sorunu için yapıldığı gibi, temel süreçleri tanımlamamıza ve bunları her sistemin özelliklerinden ayırmamıza izin verecektir. Büyük modern radyoteleskoplardan 100-200 MHz'deki son gözlemler ilk yıldız-gezegen plazma etkileşimlerini ortaya çıkarsa da, aramalarımızın neden yerden gözlemlenebilir en düşük frekanslarda, 10 ila 85 MHz'de yoğunlaşması gerektiğini ve neden bu frekanslarda yeterince yoğun sinyalin bulunması gerektiğini gösteriyorum. Bu aralıktaki dünyanın en hassas aleti, baş araştırmacısı olduğum NenuFAR şimdi çalışıyor ve radyo frekanslarında en büyük dış gezegen arama programını yürütmek için kullanacağım. Ana analiz araçları LOFAR verileri üzerinde geliştirildi ve test edildi ve teorik olarak algılanan sinyalleri yorumlama çerçevesi hazır. Tüm bu gelişmelerde büyük rol aldım. Bu nedenle, karşılaştırmalı ekso-manyetosferik fizik ve ekso-uzay havasının yeni alanını açacak tespitleri almak için doğru yerde ve zamandayım, ayrıca dış gezegenler, manyetik alanları, iç yapıları, rotasyon, eğim, ebeveyn-yıldız etkileşimi ve hatta yaşanabilirliği incelemek için yeni bir pencere açıyorum. Bu devrimci gelişmeler astrofizikte yeni bir çağ başlatacaktır. NenuFAR ile kuzey düşük frekanslı gökyüzünü incelerken, aynı zamanda SKA ile güney gökyüzünü keşfetmemizi zamanında hazırlayacağım.",Helsinki-NLP/opus-mt-en-tr,pending,pending,pending,pending,Pending human expert translation review.
773122,validation,atomic_physics,6,atomic_physics;colors;photovoltaic;quasiparticles;two_dimensional_nanostructures,"Progress within many contemporary or emergent technologies, including photovoltaics, single-photon light sources, and plasmonics, depends crucially on our ability to control the interactions between light and matter. The complexity of the light-matter interactions has made the development of photonic materials a slow, expensive, and empirical-based science. Of particular importance are the detrimental non-radiative processes mediated by defects and phonons that lead to efficiency losses in photovoltaics, reduce the quantum efficiency of single-photon emitters, and cause Ohmic losses in the metallic components of plasmonic devices. LIMA will develop ground breaking methods for calculating non-radiative relaxation rates in real materials from first principles. These will be used to evaluate key performance parameters such as photo-carrier lifetimes and plasmon propagation lengths and thus facilitate a realistic computational assessment of the application potential of photonic materials. In terms of materials, LIMA will focus on the emergent class of atomically thin two-dimensional (2D) materials. The possibility of combining different 2D materials into van der Waals heterostructures (vdWHs) provides a unique platform for controlling light-matter interactions with atomic scale precision. Multi-scale methods for predicting quasiparticle band structures of general, incommensurable vdWHs will be developed and used to design novel photonic materials with tailored light dispersion and multi-junction solar cells with high absorption and low thermalization losses. High-throughput computational screening will be used to identify novel color centers in 2D materials with potential to act as single-photon sources with high quantum yield and narrow linewidths, which are urgently needed by leading quantum technologies. The possibilities of controlling the color centers via strain engineering and light management will be explored in close collaboration with experimentalists.","Fotovoltaik, tek fotonlu ışık kaynakları ve plazmonikler de dahil olmak üzere birçok çağdaş veya ortaya çıkan teknolojideki ilerleme, ışık ve madde arasındaki etkileşimleri kontrol etme yeteneğimize önemli ölçüde bağlıdır. Işık-madde etkileşimlerinin karmaşıklığı fotonik malzemelerin gelişimini yavaş, pahalı ve ampirik tabanlı bir bilim haline getirmiştir. Özellikle önemli olan, fotovoltaiklerde verimlilik kayıplarına yol açan, tek fotonlu yayıcıların kuantum verimliliğini azaltan ve plazmonik cihazların metalik bileşenlerinde Ohmik kayıplara neden olan kusurların ve fononların aracılık ettiği zararlı radyasyon dışı süreçlerdir. LIMA, ilk ilkelerden gerçek malzemelerdeki radyasyon dışı gevşeme oranlarını hesaplamak için zemin kırma yöntemleri geliştirecektir. Bunlar, foto taşıyıcı ömürleri ve plazmon yayılım uzunlukları gibi temel performans parametrelerini değerlendirmek ve böylece fotonik malzemelerin uygulama potansiyelinin gerçekçi bir hesaplama değerlendirmesini kolaylaştırmak için kullanılacaktır. Malzemeler açısından LIMA, atomik olarak ince iki boyutlu (2D) malzemelerin ortaya çıkan sınıfına odaklanacaktır. Farklı 2D malzemeleri van der Waals heteroyapılarına (vdWHs) birleştirme olasılığı, ışık-madde etkileşimlerini atomik ölçek hassasiyeti ile kontrol etmek için benzersiz bir platform sağlar. Genel, ölçülemez vdWH'lerin yarıparçacık bant yapılarını tahmin etmek için çok ölçekli yöntemler geliştirilecek ve yüksek emilim ve düşük termalizasyon kayıplarına sahip özel ışık dağılımı ve çok yönlü güneş pilleri ile yeni fotonik malzemeler tasarlamak için kullanılacaktır. Yüksek verimli hesaplamalı tarama, önde gelen kuantum teknolojileri tarafından acil olarak ihtiyaç duyulan yüksek kuantum verimi ve dar çizgi genişliklerine sahip tek foton kaynakları olarak hareket etme potansiyeline sahip 2D malzemelerdeki yeni renk merkezlerini tanımlamak için kullanılacaktır. Renk merkezlerini gerilim mühendisliği ve ışık yönetimi yoluyla kontrol etme olanakları, deneycilerle yakın işbirliği içinde araştırılacaktır.",Helsinki-NLP/opus-mt-en-tr,pending,pending,pending,pending,Pending human expert translation review.
644956,validation,autoimmune_diseases,5,autoimmune_diseases;dna;infectious_diseases;microscopy;proteins,"The diagnosis and management of acute Sepsis is a critical area where fast and accurate results can translate into life changing health outcomes for individuals. The overall aim of RAIS is to develop a new point-of-care label-free microarray platform and validate it for quantifying levels of specific Sepsis’ biomarkers. The approach uses a novel interferometric technique ultimately capable of providing very large arrays of tests. Specific objectives and activities include: (i) an optical microarray reader based on a disruptive proprietary design combining interferometric lens-free microscopy and proximity CCD or CMOS image sensing; (ii) a microarray plate, in a proper microfluidic cartridge, consisting of a transparent slide with a novel nano-structured surface geometry to increase the detection sensitivity and covered by specific receptors to capture bio-markers; (iii) their integration in a portable and battery powered label free microarray platform potentially capable of measuring more than 1 million bio-targets simultaneously. The developed technology will be capable to detect micro-ribonucleic acids (microRNAs), interleukins and other specific proteins associated to Sepsis using a few microliters of blood or serum samples, in a concentration of a few pg/ml, within 30 minutes (sample to result) and at a cost per patient of less than 50€. In this way, patients will be put on the right treatment more rapidly, potentially reducing the Sepsis mortality rate of more than 70%, with estimated cost savings of more than €10 billion per year as a consequence of shorter hospital stays, reduced use of unnecessary drugs and lower associated insurance bills. The technical approach, targeted device, application and the addressed market sector are perfectly in line with the call H2020-ICT-2014-1 - Photonics KET - Biophotonics for screening of diseases: Mobile, low-cost point-of-care screening devices for reliable, fast and non- or minimally-invasive detection of diseases.","Akut Sepsis tanısı ve yönetimi, hızlı ve doğru sonuçların bireyler için hayat değiştiren sağlık sonuçlarına dönüşebileceği kritik bir alandır. RAIS'in genel amacı, yeni bir bakım noktası etiketi içermeyen mikro array platformu geliştirmek ve belirli Sepsis'in biyobelirteçlerinin seviyelerini ölçmek için doğrulamaktır. Yaklaşım, sonuçta çok geniş test dizileri sağlayabilen yeni bir interferometrik teknik kullanır. Belirli hedefler ve faaliyetler şunları içerir: (i) interferometrik lenssiz mikroskopi ve yakınlık CCD veya CMOS görüntü algılamayı birleştiren yıkıcı bir özel tasarıma dayanan optik bir mikroarray okuyucu; (ii) algılama hassasiyetini artırmak için yeni bir nano yapılı yüzey geometrisine sahip şeffaf bir slayttan oluşan ve aynı anda biyo-işaretleyicileri yakalamak için belirli reseptörler tarafından kaplanmış bir mikroarray plakası; (iii) potansiyel olarak serbest ölçüm platformundaki entegrasyonları. Geliştirilen teknoloji, birkaç mikrolitre kan veya serum örneği kullanarak Sepsis ile ilişkili mikro-ribonükleik asitleri (mikroRNA'lar), interlökinleri ve diğer spesifik proteinleri, birkaç pg / ml konsantrasyonunda, 30 dakika içinde (sonuç olarak örnek) ve 50  'den daha az bir hasta başına bir maliyetle tespit edebilecektir. Bu şekilde, hastalar daha hızlı bir şekilde doğru tedaviye tabi tutulacak, potansiyel olarak% 70'ten fazla Sepsis mortalite oranını azaltacak, daha kısa hastane kalışları, gereksiz ilaçların kullanımı ve daha düşük ilişkili sigorta faturaları nedeniyle yılda 10 milyar 'dan fazla tahmini maliyet tasarrufu sağlanacaktır. Teknik yaklaşım, hedeflenen cihaz, uygulama ve adreslenen pazar sektörü, H2020-ICT-2014-1 - Fotonik KET - Hastalıkların taranması için biyofotonik: Güvenilir, hızlı ve minimal invaziv olmayan hastalıkların tespiti için mobil, düşük maliyetli bakım noktası tarama cihazları.",Helsinki-NLP/opus-mt-en-tr,pending,pending,pending,pending,Pending human expert translation review.
777561,validation,automation,6,automation;automotive_engineering;control_systems;global_navigation_satellite_system;simulation_software,"The ASTRail project falls within the scope of the topic S2R-OC-IP2-01-2017 – Operational conditions of the signalling and automation systems; signalling system hazard analysis and GNSS SIS characterization along with Formal Method application in railway field, which is connected with the complementary topics S2R-CFM-IP2-01-2015 and S2R-CFM-IP2-01-2017.The ASTRail project will act to enhance the signalling and automation system by searching innovative solutions that exploit cutting edge technologies already present in sectors different from the rail such as the avionics or the automotive sector. Investigation of such technologies and assessment of their reusability in the railway field will be done taking in particular care all issues related to safety and performance in the rail system.Some ASTRail Partners have already participated in S2R projects, while others have been specifically involved to cope with some vertical tasks. From a different point of view, the Consortium is well balanced with both research organizations and industrial stakeholders of the rail domain.","ASTRAil projesi S2R-OC-IP2-01-2017 - Sinyalizasyon ve otomasyon sistemlerinin çalışma koşulları; sinyalizasyon sistemi tehlike analizi ve GNSS SIS karakterizasyonu ile birlikte demiryolu alanındaki formal yöntem uygulaması, tamamlayıcı konularla bağlantılı S2R-CFM-IP2-01-2015 ve S2R-CFM-IP2-01-2017. ASTRAil projesi, halihazırdaki yenilikçi otomasyon sektörlerinden yararlanacak ve bu tür bir sinyal aramasını geliştirecektir. Bu tür teknolojilerin araştırılması ve demiryolu alanındaki yeniden kullanılabilirliklerinin değerlendirilmesi, özellikle raylı sistemdeki güvenlik ve performansla ilgili tüm konuları dikkate alarak yapılacaktır.Bazı ASTRAil Partners, S2R projelerine zaten katıldı, diğerleri ise bazı dikey görevlerle başa çıkmak için özellikle yer aldı. Farklı bir bakış açısıyla, Konsorsiyum hem araştırma kuruluşları hem de demiryolu alanının endüstriyel paydaşları ile iyi dengelenmiştir.",Helsinki-NLP/opus-mt-en-tr,pending,pending,pending,pending,Pending human expert translation review.
710962,validation,automotive_engineering,5,automotive_engineering;energy_and_fuels;pollution;post_transition_metals;productivity,"We are a consortium integrated by two Italian SMEs with long track and complementary expertise in the metal casting sector, and we propose to industrialise and put in the market the process #FC21S for casting high performance, clean and cost-effective aluminium structural pieces for cars.Currently there is a need in automotive industry for cutting fuel consumption and thus, gas emissions. The preferred way nowadays is to do so by incorporating light car pieces, maintaining the current performance concerning security, in order to comply both with the EU legislation and consumer needs. Aluminium die casted pieces solve the problem that the automotive industry have, addressing consumers’ needs and legislation requests.#FC21S is an innovative aluminium die casting process in which a pioneer concentrated mould release agent is nebulised through micro-spraying specially designed, rendering pieces with better mechanical properties and enhanced impact resistance. The concentrated agent is used in an amount of 10 g per casted piece, instead of the 7 l per piece required with a regular mould release agent, what significantly reduces the heavily polluted waste streams, having as a consequence a cleaner and cheaper process. It is wax-free, what reduces the porosity in the aluminium casted piece, increasing its impact resistance. With this process we dramatically cut waste-streams and reduce the energy needed for the process, increasing productivity of the line.The general objective of #FC21S is to set the manufacturing line of structural car pieces built in structural aluminium and die casted with a pioneer concentrated release agent in order to contribute to making better light-weight structural car pieces, for satisfying consumers and car manufacturing industry.""""","Metal döküm sektöründe uzun pist ve tamamlayıcı uzmanlığa sahip iki İtalyan KOBİ tarafından entegre edilmiş bir konsorsiyumuz ve otomobiller için yüksek performanslı, temiz ve uygun maliyetli alüminyum yapısal parçaların dökümü için #FC21S sürecini sanayileştirmeyi ve piyasaya sürmeyi teklif ediyoruz. Şu anda otomotiv endüstrisinde yakıt tüketimini ve dolayısıyla gaz emisyonlarını azaltmak için bir ihtiyaç var. Günümüzde tercih edilen yol, hem AB mevzuatına hem de tüketici ihtiyaçlarına uymak için hafif otomobil parçalarını birleştirerek, güvenlikle ilgili mevcut performansı koruyarak bunu yapmaktır. Alüminyum kalıp döküm parçaları, otomotiv endüstrisinin sahip olduğu sorunu çözerek tüketicilerin ihtiyaçlarını ve mevzuat taleplerini ele alır.#FC21S, öncü konsantre bir kalıp bırakma maddesinin mikro spreyleme özel olarak tasarlanmış, daha iyi mekanik özelliklere sahip ve geliştirilmiş darbe direncine sahip parçalar üreten yenilikçi bir alüminyum kalıp döküm işlemidir. Konsantre ajan, düzenli bir kalıp bırakma ajanı ile gerekli parça başına 7 l yerine, dökme parça başına 10 g miktarında kullanılır, bu da ağır kirlenmiş atık akışlarını önemli ölçüde azaltır, sonuç olarak daha temiz ve daha ucuz bir işlem yapar. Balmumu içermez, alüminyum döküm parçasındaki gözenekliği azaltır, darbe direncini arttırır. Bu süreçle atık akışlarını önemli ölçüde azalttık ve süreç için gerekli enerjiyi azalttık, hattın üretkenliğini artırdık. #FC21S'nin genel amacı, tüketicileri ve otomobil imalat endüstrisini tatmin etmek için daha hafif yapısal otomobil parçalarının daha iyi hale getirilmesine katkıda bulunmak için yapısal alüminyumda inşa edilen ve öncü konsantre bir salım maddesi ile döküm edilen yapısal otomobil parçalarının üretim hattını ayarlamaktır. """,Helsinki-NLP/opus-mt-en-tr,pending,pending,pending,pending,Pending human expert translation review.
644313,validation,autonomous_robots,5,autonomous_robots;colors;deep_learning;fruit_growing;optical_sensors,"In modern greenhouses there is a high demand to automate labour. The availability of a skilled workforce that accepts repetitive tasks in harsh greenhouse climate conditions is decreasing rapidly. The resulting increase in labour costs and reduced capacity puts major pressure on the competitiveness of the European greenhouse sector. Present robotization of this labour has entered an high level of technological readiness. However, a gap remains which halts the transition from science to economic and societal impact; the so called ‘Technological Innovation Gap’. In the EU-FP7-project CROPS extensive research has been performed on agricultural robotics. One of the applications was a sweet pepper harvesting robot. It was shown that such a robot is economically and technically viable. The proven hardware and software modules (TRL:6) developed in CROPS will be used as the groundwork. The successful CROPS software modules based on the Robotic-Operating-System (ROS) will be maintained and expanded in SWEEPER. Also the gripper end-effector will be retained. This patent pending module is able to grasp the sweet pepper without the need of an accurate measurement of the position and orientation of the fruit. From the CROPS project, also gained knowledge will directly be put to benefit. In several experiments, it turned out that different growers use different cropping systems ranging in crop density. In SWEEPER, the cropping system itself will be optimized to facilitate robotic harvesting. In CROPS it was concluded that instead of a 9DOF, a 4DOF robot arm is sufficient , greatly reducing costs. To improve the level of robotic cognitive abilities, plant models will be applied to approximate location of sweet peppers. This “model-based vision” will increase and speed up fruit detection. Based on the insights of CROPS, sensors will be placed onto the gripper only. Also a LightField sensor will be introduced which is able to record both colour and 3D information simultaneously.","Modern seralarda, emeği otomatikleştirmek için yüksek bir talep vardır. Sert sera iklimi koşullarında tekrarlanan görevleri kabul eden yetenekli bir işgücünün mevcudiyeti hızla azalmaktadır. Sonuç olarak işgücü maliyetlerindeki artış ve azalan kapasite, Avrupa sera sektörünün rekabet gücü üzerinde büyük bir baskı yaratmaktadır. Bu emeğin mevcut robotlaşması yüksek bir teknolojik hazırlık seviyesine girmiştir. Bununla birlikte, bilimden ekonomik ve toplumsal etkiye geçişi durduran bir boşluk kalır; sözde ‘Teknolojik İnovasyon Boşluğu’. AB-FP7 projesinde CROPS tarımsal robotik üzerine kapsamlı araştırmalar yapılmıştır. Uygulamalardan biri tatlı bir biber hasat robotuydu. Böyle bir robotun ekonomik ve teknik olarak uygulanabilir olduğu gösterilmiştir. CROPS'ta geliştirilen kanıtlanmış donanım ve yazılım modülleri (TRL:6) temel olarak kullanılacaktır. Robotik-İşletici-Sistem (ROS) tabanlı başarılı CROPS yazılım modülleri SWEEPER'da korunacak ve genişletilecektir. Ayrıca tutucu son efektör muhafaza edilecektir. Bu patent bekleyen modül, tatlı biberi, meyvenin konumunun ve yönünün doğru bir ölçümüne gerek kalmadan kavrayabilir. CROPS projesinden de edinilen bilgiler doğrudan yararlanılacak. Birkaç deneyde, farklı yetiştiricilerin ürün yoğunluğunda değişen farklı kırpma sistemleri kullandıkları ortaya çıktı. SWEEPER'de, kırpma sisteminin kendisi robotik hasatı kolaylaştırmak için optimize edilecektir. CROPS'ta, bir 9DOF yerine, 4DOF robot kolunun yeterli olduğu, maliyetleri büyük ölçüde azalttığı sonucuna varılmıştır. Robotik bilişsel yeteneklerin seviyesini artırmak için, tatlı biberlerin yaklaşık konumuna bitki modelleri uygulanacaktır. Bu ""modele dayalı görüş"" meyve tespitini artıracak ve hızlandıracaktır. CROPS'un içgörülerine dayanarak, sensörler yalnızca tutucunun üzerine yerleştirilecektir. Ayrıca, hem renk hem de 3D bilgisini aynı anda kaydedebilen bir LightField sensörü tanıtılacaktır.",Helsinki-NLP/opus-mt-en-tr,pending,pending,pending,pending,Pending human expert translation review.
779877,validation,autonomous_vehicles,6,autonomous_vehicles;climatic_change_mitigation;drones;employment;system_software,"The Mont-Blanc 2020 (MB2020) project ambitions to initiate the development of a future low-power European processor for Exascale. MB2020 lays the foundation for a European consortium aiming at delivering a processor with great energy efficiency for HPC and server workloads. A first generation product is scheduled in the 2020 time frame.Our target is to reach exascale-level power efficiency (50 Gflops/Watt at processor level) with a second generation planned for 2022. Therefore, we will, within MB2020: 1. define a low-power System-on-Chip (SoC) implementation targeting Exascale, with built-in security and reliability features;2. introduce strong innovations to improve efficiency with real-life applications and to outperform competition (vector instruction implementation, memory latency and bandwidth, power management, 2.5D integration);3. develop key modules (IPs) needed for this implementation; 4. provide a working prototype demonstrating MB2020 key components and system level simulations, with a co-design approach based on real-life applications;5. explore the reuse of these building blocks to serve other markets than HPC. Our key choices are:a) To use the ARM ISA (Instruction Set Architecture) because its has strong technological relevance and it offers a dynamic ecosystem, which is needed to deliver the system software and applications mandatory for successful market acceptance. b) To design, implement or leverage new technologies (Scalable Vector Extension, NoC, High Bandwidth Memory, Power Management, …) as well as innovative packaging technologies to improve the versatility, performance, power efficiency, reliability, and security of the processor.c) To improve on the economic sustainability of processor development through a modular design that allows to retarget our SoC for different markets.","Mont-Blanc 2020 (MB2020) projesi, Exascale için gelecekteki düşük güçlü bir Avrupa işlemcisinin geliştirilmesini başlatmayı hedefliyor. MB2020, HPC ve sunucu iş yükleri için büyük enerji verimliliğine sahip bir işlemciyi teslim etmeyi amaçlayan bir Avrupa konsorsiyumunun temelini atıyor. 2020 zaman çerçevesinde bir birinci nesil ürün planlanmaktadır.Hedefimiz 2022 için planlanan ikinci nesil ile exascale düzeyinde güç verimliliğine (işlemci seviyesinde 50 Gflops / Watt) ulaşmaktır. Bu nedenle, MB2020 içinde: 1. yerleşik güvenlik ve güvenilirlik özelliklerine sahip Exascale'i hedefleyen düşük güçlü bir System-on-Chip (SoC) uygulaması tanımlayacağız; 2. Gerçek hayattaki uygulamalarla verimliliği artırmak ve rekabeti (vektör talimat uygulaması, bellek gecikmesi ve bant genişliği, güç yönetimi, 2.5D entegrasyonu) aşmak için güçlü yenilikler tanıtacağız; 3. Bu uygulama için gerekli olan anahtar modülleri (IP'ler) geliştirmek; 4. Bu uygulama için gerekli olan bir çalışma anahtar prototipi sağlamak. Anahtar tercihlerimiz: a) ARM ISA'yı (İnşaat Seti Mimarisi) kullanmak, çünkü güçlü teknolojik önemi vardır ve sistem yazılımını ve uygulamalarını başarılı bir pazar kabulü için zorunlu hale getirmek için gerekli olan dinamik bir ekosistem sunar. b) Yeni teknolojileri tasarlamak, uygulamak veya kullanmak (Scalable Vector Extension, NoC, High Bandwidth Memory, Power Management, ...) Çok yönlülüğü, performansı, güvenliğimizi, verimliliğimizi ve güvenilirliğimizi artırmak için yenilikçi paketleme teknolojileri sağlar.",Helsinki-NLP/opus-mt-en-tr,pending,pending,pending,pending,Pending human expert translation review.
790113,validation,bacteriology,4,bacteriology;business_models;food_safety;public_health;social_inequalities,"Food- and water-borne illnesses are common and preventable public health issues. Hundreds of millions of samples aretested each year to detect harmful bacteria in drinking and environmental water, food and beverages. Pathogens such asLegionella, Pseudomonas, Giardia/Cryptosporidium, Salmonella, Campylobacter and E. coli (O157:H7), cause disease andlead to enormous economic damage.Events such as, the 2013 Legionella outbreak in Warstein, Germany, with over 185 cases of disease, or the Danish Listeriaoutbreak of summer 2014, with 12 reported deaths and the shutting down of the meat producing company, painfullydemonstrated the limitations of current testing methodologies. Long testing time, and insufficient analytical quality in resultslead to unsuccessful countermeasures, spread of the disease, and waste of energy and biocides.CellCount is a novel testing technology that delivers fully quantitative test results at an unmatched speed. CellCountrevolutionizes the pathogen detection market by combining various new technologies, already well-established in theacademic environment, and applying them to industrial applications. Due to its novel sample preparation and pathogendetection technology, CellCount provides a quantitative pathogen detection result within one hour, compared to days toweeks for other methods.","Gıda ve su kaynaklı hastalıklar yaygın ve önlenebilir halk sağlığı sorunlarıdır. Her yıl yüz milyonlarca örnek, içme ve çevresel su, yiyecek ve içeceklerdeki zararlı bakterileri tespit etmek için test edilmektedir. Legionella, Pseudomonas, Giardia/Cryptosporidium, Salmonella, Campylobacter ve E. coli (O157:H7) gibi patojenler hastalığa neden olur ve muazzam ekonomik hasara yol açar.Warstein, Almanya'daki 2013 Legionella salgını, 185'ten fazla hastalık vakası veya 2014 yazının Danimarka Listeriaoutbreak'i, 12 bildirilen ölüm ve kapanma ile. Uzun test süresi ve sonuçlardaki yetersiz analitik kalite, başarısız karşı önlemlere, hastalığın yayılmasına ve enerji ve biyosit israfına yol açar.CellCount, eşsiz bir hızda tam niceliksel test sonuçları sunan yeni bir test teknolojisidir. CellCount, akademi ortamında zaten iyi kurulmuş olan çeşitli yeni teknolojileri birleştirerek ve bunları endüstriyel uygulamalara uygulayarak patojen tespit pazarında devrim yaratıyor. Yeni örnek hazırlama ve patojen algılama teknolojisi nedeniyle, CellCount, diğer yöntemler için günlerden haftalara kıyasla bir saat içinde nicel bir patojen tespiti sonucu sağlar.",Helsinki-NLP/opus-mt-en-tr,pending,pending,pending,pending,Pending human expert translation review.
840270,validation,bacteriomes,5,bacteriomes;biological_interactions;genomes;microscopy;nutrition,"Strict blood-feeding leeches are confronted with a strong B-vitamin deficiency and thus rely on bacterial symbionts to supplement their unbalanced diet. Recent evidence showed that the Mexican leech Haementeria officinalis houses in a distinct specialised organ intracellular Providencia siddallii symbionts, which have a highly reduced genome but maintained genes required for B vitamin biosynthesis. The aim of this proposal is to establish this leech as a model system for studying the intricacies of nutritional blood-feeding symbioses. The genomes of Providencia symbionts of 4 additional Haementeria species will be sequenced and analysed to identify core-metabolic pathways and to reconstruct the evolutionary history of this symbiosis. A draft genome sequence of the Mexican leech Ha. officinalis will be determined, providing unique insights into metabolic complementarity. Comparison with the available genome of the related non-blood-feeding leech Helobdella robusta will facilitate identification of genomic determinants of the acquisition/loss of the bacteriome and the blood feeding habit. Bacteriome development and colonization will be investigated using different developmental stages and advanced microscopy techniques. Host control and nutritional role of the symbiont will be studied using isotope probing experiments and state-of-the-art chemical imaging and metabolomics methods. This project will provide comprehensive insights into a nutritional symbiosis in medically relevant blood-feeding animals, including the evolution of specialised symbiosis organs and metabolic interactions between both partners. It will bring together a postdoc with a strong background in bioinformatics and bacterial symbionts with a host lab focused on experimental and molecular analysis of microbe-host interactions. This set-up ensures both an ideal environment for the postdoc on his way to an truly independent researcher, and an efficient two-way transfer of knowledge.","Katı kanla beslenen sülükler güçlü bir B-vitamin eksikliği ile karşı karşıyadır ve bu nedenle dengesiz diyetlerini tamamlamak için bakteriyel simbiyonlara güvenirler. Son kanıtlar, Meksikalı sülük Haementeria officinalis'in, yüksek oranda azalmış bir genoma sahip olan, ancak B vitamini biyosentezi için gerekli olan genleri muhafaza eden, hücre içi Providencia siddallii simbiyonts'te belirgin bir uzmanlaşmış organa ev sahipliği yaptığını göstermiştir. Bu önerinin amacı, bu sülüğü, beslenme kanını besleyen simbiyozların karmaşıklığını incelemek için bir model sistem olarak kurmaktır. 4 ek Haementeria türünün Providencia simbiyontlarının genomları, çekirdek-metabolik yolları tanımlamak ve bu simbiyozun evrimsel tarihini yeniden oluşturmak için dizilenecek ve analiz edilecektir. Meksika sülük Ha. officinalis'in bir taslak genom dizisi belirlenecek ve metabolik tamamlayıcılık hakkında benzersiz bilgiler sağlayacaktır. Kan beslemeyen sülük Helobdella robusta'nın mevcut genomu ile karşılaştırıldığında, bakteriyomun edinimi / kaybının ve kan besleme alışkanlığının genomik belirleyicilerinin tanımlanması kolaylaşacaktır. Bakteriyom gelişimi ve kolonizasyonu farklı gelişim aşamaları ve gelişmiş mikroskopi teknikleri kullanılarak araştırılacaktır. Simbiyonun ev sahibi kontrolü ve beslenme rolü izotop araştırma deneyleri ve son teknoloji kimyasal görüntüleme ve metabolomik yöntemler kullanılarak incelenecektir. Bu proje, özelleşmiş simbiyoz organlarının evrimi ve her iki ortak arasındaki metabolik etkileşimler de dahil olmak üzere, tıbbi olarak ilgili kanla beslenen hayvanlarda bir beslenme simbiyozu hakkında kapsamlı bilgiler sağlayacaktır. Biyoinformatik ve bakteriyel simbiyontlarda güçlü bir geçmişe sahip bir postdoc'u, mikrobe-host etkileşimlerinin deneysel ve moleküler analizine odaklanan bir ana laboratuvarla bir araya getirecektir. Bu kurulum, hem postdoc için gerçekten bağımsız bir araştırmacıya giden yolda ideal bir ortam hem de verimli bir iki yönlü bilgi aktarımı sağlar.",Helsinki-NLP/opus-mt-en-tr,pending,pending,pending,pending,Pending human expert translation review.
867502,validation,big_data,6,big_data;business_models;drones;internet_of_things;radio_frequency,"Inventory represents a significant portion of assets in a warehouse business. However, to date, a large proportion of warehousing processes are still being performed manually, resulting in shipping delays, wrong products being picked and additional costs that are eating about at company bottom lines. The changes rifling through the industry from IoT and enabling technologies is creating new waves of thinking with service providers trying to determine best solutions that fit their business strategy.To meet the need for a fast way to find and localize items and keep the inventory up-to-date, Arteries created KYLUS, a fully autonomous real-time inventory management system based on high-tech IT and drone technologies. KYLUS is brand-new solution that can totally change how companies run their warehouses.Our integrated inventory and product validation service with a self-guiding drone-based system is addressing real-life problems: it speeds up the inventory counting process by 20-50 times, lowers the costs of human labor by 5%, and minimizes the risk of workplace injuries by 5-10%. With its exceptional real-time localization and tracing system high-quality performance (close to 100% accuracy) can be achieved. Using novel RFID technology allows KYLUS to find hidden items 500% faster. We put these features in an ecosystem that makes KYLUS scalable and available to customers as a SaaS subscription system, with installation and support services. After four years of research and development, we have a working prototype at hand that has to be validated at pilot scale. In the current project we aim to perform a feasibility study, within which we shall examine if KYLUS could be economically viable at global levels.","Envanter, bir depo işletmesindeki varlıkların önemli bir bölümünü temsil eder. Bununla birlikte, bugüne kadar, depolama işlemlerinin büyük bir kısmı hala manuel olarak gerçekleştiriliyor ve bu da nakliye gecikmeleri, yanlış ürünlerin seçilmesi ve şirket alt hatlarında yemek yiyen ek maliyetlerle sonuçlanıyor. Endüstride IoT'den kaynaklanan ve teknolojileri etkinleştiren değişiklikler, iş stratejilerine uygun en iyi çözümleri belirlemeye çalışan servis sağlayıcılarıyla yeni düşünce dalgaları yaratıyor.Ürünleri bulmak ve yerelleştirmek ve envanteri güncel tutmak için hızlı bir yol ihtiyacını karşılamak için Arteries, yüksek teknoloji BT ve drone teknolojilerine dayanan tamamen özerk bir gerçek zamanlı envanter yönetim sistemi olan KYLUS'u yarattı. KYLUS, şirketlerin depolarını nasıl çalıştırdıklarını tamamen değiştirebilecek yepyeni bir çözümdür.Kendini yöneten bir drone tabanlı sistemle entegre envanter ve ürün doğrulama hizmetimiz gerçek hayattaki sorunları ele alıyor: envanter sayma işlemini 20-50 kat hızlandırıyor, insan emeğinin maliyetlerini %5 azaltıyor ve işyeri yaralanma riskini % 5-10 azaltıyor. Olağanüstü gerçek zamanlı yerelleştirme ve izleme sistemi ile yüksek kaliteli performans (% 100 doğruluğuna yakın) elde edilebilir. Yeni RFID teknolojisini kullanmak, KYLUS'un gizli öğeleri% 500 daha hızlı bulmasını sağlar. Bu özellikleri, kurulum ve destek hizmetleri ile KYLUS'u ölçeklendirebilen ve SaaS abonelik sistemi olarak müşterilere sunulan bir ekosisteme koyuyoruz. Dört yıllık araştırma ve geliştirmeden sonra, pilot ölçekte doğrulanması gereken bir çalışma prototipimiz var. Mevcut projede, KYLUS'un küresel düzeyde ekonomik olarak uygulanabilir olup olmadığını inceleyeceğimiz bir fizibilite çalışması yapmayı amaçlıyoruz.",Helsinki-NLP/opus-mt-en-tr,pending,pending,pending,pending,Pending human expert translation review.
101022633,validation,biocatalysis,6,biocatalysis;electrocatalysis;enzymes;liquid_fuels;sustainable_economy,"4AirCRAFT’s ultimate goal is to develop a next generation of stable and selective catalysts for the direct CO2 conversion into liquid fuels for the aviation industry, enabling the synthesis of sustainable jet fuel. 4AirCRAFT will overcome the current challenges by combining three main reactions into one reactor to increase the CO2 conversion rate and reduce energy consumption. 4AirCRAFT technology will produce sustainable jet fuel at low temperature (below 80 ºC), contributing to a circular economy and leading to a decrease in GHG and reduced dependence on fossil fuel-based resources.In order to achieve this goal, we will move beyond the SoA by precisely integrating and taking advantage of biocatalysts, inorganic nanocatalysts, electrocatalysts, and their controlled spatial distribution within application tuned catalyst carrier structures. These catalyst carrier structures will be based on metal-organic frameworks and engineered inorganic scaffolds with hierarchical porosity distribution. This will unravel the activity of catalytic active phases and materials based on earth-abundant elements allowing us to achieve high CO2 conversion percentages and selectivity towards jet fuels (C8−16). By achieving this we will be able to circumvent the need for Fischer–Tropsch synthesis, that is unselective for the synthesis of fuels, therefore eliminating further steps for hydrocracking or hydrorefining of Fischer–Tropsch waxes. In terms of inorganic catalysts, size and shape of metal NPs, metal clusters, and single atoms at the surface of catalyst carrier structures will be developed, and precise structure-performance-selectivity relationships will be established. In terms of biocatalyst, special emphasis will be given to assure the long-term stability of deployed enzymes through programmed anchoring and shielding from detrimental reaction conditions. Together application tuned catalyst carrier structures will be employed to steer selectivity towards C8−16 molecules.","4AirCRAFT'ın nihai amacı, sürdürülebilir jet yakıtının sentezini sağlayarak, havacılık endüstrisi için sıvı yakıtlara doğrudan CO2 dönüşümü için yeni nesil kararlı ve seçici katalizörler geliştirmektir. 4AirCRAFT, CO2 dönüşüm oranını artırmak ve enerji tüketimini azaltmak için üç ana reaksiyonu bir reaktörde birleştirerek mevcut zorlukların üstesinden gelecektir. 4AirCRAFT teknolojisi, düşük sıcaklıkta (80 oC'nin altında) sürdürülebilir jet yakıtı üretecek, döngüsel bir ekonomiye katkıda bulunacak ve GHG'de bir azalmaya ve fosil yakıt bazlı kaynaklara bağımlılığın azalmasına yol açacaktır.Bu amaca ulaşmak için, biyokatalizörlerden, inorganik nanokatalizörlerden, elektrokatalizörlerden ve onların kontrollü uzaysal dağıtımlarından tam olarak faydalanarak SoA'nın ötesine geçeceğiz. Bu katalizör taşıyıcı yapılar metal-organik çerçevelere dayanacak ve hiyerarşik gözeneklilik dağılımına sahip inorganik iskeleler tasarlanacaktır. Bu, katalitik aktif fazların ve malzemelerin yerküreye bağlı elementlere dayalı aktivitesini çözecek ve yüksek CO2 dönüşüm yüzdeleri ve jet yakıtlarına karşı seçicilik elde etmemizi sağlayacaktır (C8-16). Bunu başararak, yakıtların sentezi için seçici olmayan Fischer-Tropsch sentezine olan ihtiyacı atlatabileceğiz, bu nedenle Fischer-Tropsch mumlarının hidrokraftlanması veya hidrorefinasyonu için daha ileri adımları ortadan kaldıracağız. İnorganik katalizörler açısından, katalizör taşıyıcı yapıların yüzeyindeki metal NP'lerin, metal kümelerin ve tek atomların boyutu ve şekli geliştirilecek ve hassas yapı-performans-seçim ilişkileri kurulacaktır. Biyokatalizör açısından, programlanmış demirleme ve zararlı reaksiyon koşullarından korunma yoluyla konuşlandırılmış enzimlerin uzun vadeli stabilitesini sağlamak için özel önem verilecektir. Birlikte uygulama ayarlı katalizör taşıyıcı yapıları C8-16 moleküllerine doğru seçiciliği yönlendirmek için kullanılacaktır.",Helsinki-NLP/opus-mt-en-tr,pending,pending,pending,pending,Pending human expert translation review.
659022,validation,biochemistry,5,biochemistry;breast_cancer;melanoma;stem_cells;transcriptomes,"The major causes of cancer deaths are relapse and resistance to current therapies associated with the presence of cancer stem cells (CSCs) and metastatic growth in distant organs. CSCs have the ability to self-renew and differentiate in non-CSCs. In breast cancer, acquisition of stemness properties has been closely related to epithelial-mesenchymal transition (EMT), a key process in cancer invasion and metastasis triggered via Rho-ROCK mediated actomyosin contractility. Interestingly, in melanoma, transition from elongated-mesenchymal to amoeboid mode of movement (MAT) driven by Rho-ROCK signalling has been associated with increased stemness. Furthermore, preliminary data from host lab shows that actomyosin cytoskeletal regulates glutamine metabolism in both melanoma and breast cancer cells. Metabolic cues participate in stem cell self-renewal regulation, suggesting that, in very contractile cells, the regulation of EMT, metastatic spread and tumour initiation might be functionally linked to stemness via metabolic clues. Nevertheless, how very contractile cells regulate genes involved in all these processes remains unexplored. As increasing contractility via EMT in carcinoma cells or via MAT in melanoma cells correlates with increasing stemness, we hypothesize a molecular link between the pathways regulating both migration and stemness abilities, which will be maintained across tumour types (from carcinoma to melanoma). The main goal of this proposal is to understand how tumour cells can acquire stem cell traits to successfully metastasize and how this can be regulated by the actomyosin cytoskeletal by using an interdisciplinary approach that combines state-of-the-art techniques in molecular and cellular biology, biochemistry, in vivo imaging and animal models. This will allow to identify key important genes regulating both stemness traits and metastatic spread with the ultimate goal of unravelling novel drug targets and prognostic markers of distant relapse.","Kanser ölümlerinin başlıca nedenleri, kanser kök hücrelerinin (CSC'ler) varlığı ve uzak organlarda metastatik büyüme ile ilişkili mevcut terapilere karşı nüksetme ve dirençtir. CSC'ler, CSC olmayanlarda kendini yenileme ve farklılaştırma yeteneğine sahiptir. Meme kanserinde, kök özelliklerinin edinilmesi, Rho-ROCK aracılı aktomyosin kontraktilite yoluyla tetiklenen kanser istilası ve metastazın önemli bir süreci olan epitelyal-mesenkimal geçiş (EMT) ile yakından ilişkilidir. İlginç bir şekilde, melanomda, Rho-ROCK sinyallemesi tarafından yönlendirilen uzun süreli-mesenkimalden amoeboid hareket moduna (MAT) geçiş, artan köklenme ile ilişkilendirilmiştir. Ayrıca, ev sahibi laboratuvardan elde edilen ön veriler, aktomiyosin sitoiskelesinin hem melanom hem de meme kanseri hücrelerinde glutamin metabolizmasını düzenlediğini göstermektedir. Metabolik ipuçları, kök hücre kendi kendini yenileyen regülasyona katılır ve çok kontraktil hücrelerde, EMT, metastatik yayılma ve tümör inisiyasyonunun düzenlenmesinin metabolik ipuçları yoluyla saplık ile işlevsel olarak bağlantılı olabileceğini öne sürer. Bununla birlikte, tüm bu süreçlerde yer alan genleri ne kadar kontraktil hücrelerin düzenlediği araştırılmamıştır. Karsinoma hücrelerinde EMT veya melanom hücrelerinde MAT ile kontraktilitesi arttıkça, hem göç hem de saplık yeteneklerini düzenleyen yollar arasında, tümör tiplerinde (karsinomadan melanoma) korunacak moleküler bir bağlantı varsayılır. Bu önerinin temel amacı, tümör hücrelerinin başarılı bir şekilde metastaz yapmak için kök hücre özelliklerini nasıl edinebileceğini ve bunun moleküler ve hücresel biyoloji, biyokimya, in vivo görüntüleme ve hayvan modellerinde son teknoloji tekniklerini birleştiren disiplinlerarası bir yaklaşım kullanarak aktomiyosin sitoiskele tarafından nasıl düzenleyebileceğini anlamaktır. Bu, hem kök özellikleri hem de metastatik yayılmayı düzenleyen önemli genlerin, yeni ilaç hedeflerinin ve uzaktan nüksetmenin prognostik belirteçlerinin çözülmesinin nihai hedefiyle tanımlanmasını sağlayacaktır.",Helsinki-NLP/opus-mt-en-tr,pending,pending,pending,pending,Pending human expert translation review.
891404,validation,biodiversity_conservation,5,biodiversity_conservation;ecology;fisheries;proteins;transcriptomes,"Humans depend on great measure on the welfare of marine ecosystems, not only from the retribution obtained directly from resource harvesting but also from the benefits derived from healthy ecosystems (i.e. quality of natural resources, biodiversity maintenance, and ecosystem resilience to anthropogenic challenges). Traditionally, management efforts to preserve marine resources only contemplated morphological traits of the individuals (e.g. body size). However, more evidence is piling up on the importance of behaviour on biodiversity conservation. Traits such as exploration, boldness, and activity have a strong impact on the individual`s reproductive success, thus determining species survival. As other phenotypical traits, fish behaviour is determined in great measure by its genetic basis. In this project, we propose studying the genetic mechanisms underlying fish behavioural types. We will use a unique dataset based on state-of-the-art fish-tracking data that provides long-term behavioural data in situ for hundreds of free-living fish at unprecedented spatio-temporal resolution. We will complement the behavioural data set with advanced genetic and genomic techniques to find phenotype-genotype associations by: i) studying the sequence variants of candidate genes, ii) studying the location and abundance of target proteins in fish brain structures, iii) obtaining multiple brain transcriptomes from individuals showing distinct behavioural types. The multidisciplinary nature of the project, combining novel behavioural data collection with next generation genomic techniques, will provide a broad overview of the molecular basis of behavioural characterization. The proposed activities will open a new line of research in behavioural molecular ecology unprecedented in marine ecosystems. Our results will provide insight into the molecular basis of behaviour in marine fish, thus leading to a qualitative jump forward in fisheries management and behavioural biology.","İnsanlar, yalnızca doğrudan kaynak hasatından elde edilen intikamdan değil, aynı zamanda sağlıklı ekosistemlerden elde edilen faydalardan (yani doğal kaynakların kalitesi, biyolojik çeşitlilik bakımı ve antropojenik zorluklara karşı ekosistem dayanıklılığı) elde edilen deniz ekosistemlerinin refahına büyük ölçüde bağlıdır. Geleneksel olarak, deniz kaynaklarının korunması için yönetim çabaları sadece bireylerin morfolojik özelliklerini (örneğin vücut büyüklüğü) düşündü. Bununla birlikte, biyolojik çeşitliliğin korunmasında davranışın önemine dair daha fazla kanıt birikmektedir. Keşif, cesaret ve aktivite gibi özellikler bireyin üreme başarısı üzerinde güçlü bir etkiye sahiptir, böylece türlerin hayatta kalmasını belirler. Diğer fenotipik özellikler gibi, balık davranışı da genetik temeli ile büyük ölçüde belirlenir. Bu projede, balık davranış tiplerinin altında yatan genetik mekanizmaları incelemeyi teklif ediyoruz. En son teknoloji ürünü balık izleme verilerine dayanan benzersiz bir veri seti kullanacağız ve yüzlerce serbest yaşayan balık için benzeri görülmemiş spatio-temporal çözünürlükte uzun vadeli davranışsal veriler sağlayacak. Fenotip-genotip ilişkilerini bulmak için gelişmiş genetik ve genomik tekniklerle belirlenen davranışsal verileri şu şekilde tamamlayacağız: i) aday genlerin dizi varyantlarını incelemek, ii) balık beyin yapılarındaki hedef proteinlerin yerini ve bolluğunu incelemek, iii) farklı davranış tipleri gösteren bireylerden çoklu beyin transkriptomları elde etmek. Yeni davranışsal veri koleksiyonunu yeni nesil genomik tekniklerle birleştiren projenin multidisipliner yapısı, davranışsal karakterizasyonun moleküler temeli hakkında geniş bir genel bakış sağlayacaktır. Önerilen faaliyetler, deniz ekosistemlerinde benzeri görülmemiş davranışsal moleküler ekoloji alanında yeni bir araştırma hattı açacak. Sonuçlarımız, deniz balıklarındaki davranışın moleküler temeli hakkında fikir verecek ve böylece balıkçılık yönetimi ve davranış biyolojisinde niteliksel bir sıçramaya yol açacaktır.",Helsinki-NLP/opus-mt-en-tr,pending,pending,pending,pending,Pending human expert translation review.
726612,validation,bioeconomy,6,bioeconomy;climatic_changes;governance;nongovernmental_organizations;nutrition,"In order to cope with an increasing global population, rapid depletion of many resources, increasing environmental pressures and climate change, Europe needs to radically change its approach to production, consumption, processing, storage, recycling and disposal of biological resources. The Europe 2020 strategy calls for a Bioeconomy as a key element for smart and green growth in Europe. However, the complex inter-dependencies that exist between challenges can lead to trade-offs, such as the controversy about competing uses of biomass. The latter arose from concerns about the potential impact of the growing demand for renewable biological resources by other sectors on food security, the use of scare natural resources and the environment in Europe and third countries. On 13th of February 2012 the EU launched the Bioeconomy strategy and action plan on """"Innovating for Sustainable Growth: a Bioeconomy for Europe"""", which aims to pave the way to a more innovative, resource efficient and competitive society that reconciles food security with the sustainable use of renewable resources for industrial purposes, while ensuring environmental protection.In this respect the Strategy stresses that participatory models are needed that engage citizens and end-users in order to reinforce the relationship between science, society and policy making. More informed dialogues will in fact allow science and innovation to provide a sound basis for policy making and informed societal choices by taking into account legitimate societal concerns and needs in the Bioeconomy.In this framework, and in support of the review and implementation of the strategy, this 4th Bioeconomy Stakeholders Conference on April 12-13 2016 will provided opportunity for public awareness raising and for an informed dialogue on the progress of the Bioeconomy, involving researchers, stakeholders, policy makers and the civil society at large across the whole Bioeconomy value chain. """"","Artan küresel nüfus, birçok kaynağın hızla tükenmesi, çevresel baskılar ve iklim değişikliği ile başa çıkabilmek için, Avrupa'nın biyolojik kaynakların üretimi, tüketimi, işlenmesi, depolanması, geri dönüşümü ve imhası konusundaki yaklaşımını radikal bir şekilde değiştirmesi gerekiyor. Avrupa 2020 stratejisi, Avrupa'da akıllı ve yeşil büyüme için önemli bir unsur olarak bir Biyoekonomi çağrısında bulunuyor. Bununla birlikte, zorluklar arasında var olan karmaşık bağımlılıklar, biyokütlenin rekabet eden kullanımları hakkındaki tartışmalar gibi takaslara yol açabilir. İkincisi, diğer sektörler tarafından yenilenebilir biyolojik kaynaklara olan talebin gıda güvenliği, korkutucu doğal kaynakların kullanımı ve Avrupa ve üçüncü ülkelerde çevre üzerindeki potansiyel etkisi konusundaki endişelerden kaynaklandı. 13 Şubat 2012'de AB, ""Sürdürülebilir Büyüme için Yenilikçilik: Avrupa için Bir Biyoekonomi"" konulu Biyoekonomi stratejisini ve eylem planını başlattı; bu, gıda güvenliğini endüstriyel amaçlar için yenilenebilir kaynakların sürdürülebilir kullanımı ile uzlaştıran daha yenilikçi, kaynak verimli ve rekabetçi bir toplumun önünü açmayı hedeflerken, çevre korumasını sağladı. Daha fazla bilgilendirilmiş diyaloglar aslında bilimin ve yeniliğin, biyoekonomideki meşru toplumsal kaygıları ve ihtiyaçları dikkate alarak politika yapımı ve bilgilendirilmiş toplumsal seçimler için sağlam bir temel oluşturmasına izin verecektir.Bu çerçevede ve stratejinin gözden geçirilmesi ve uygulanmasına destek olarak, 12-13 Nisan 2016 tarihindeki bu 4. Biyoekonomi Paydaşlar Konferansı, araştırmacılar, paydaşlar, değer üretenler ve sivil toplum arasında biyoekonominin ilerlemesi hakkında bilgilendirilmiş bir diyalog için fırsat sağlayacaktır. ""...",Helsinki-NLP/opus-mt-en-tr,pending,pending,pending,pending,Pending human expert translation review.
678012,validation,biofuels,6,biofuels;cereals;enzymes;infectious_diseases;sensors,"MyToolBox mobilises a multi-actor partnership (academia, farmers, technology SMEs, food industry and policy stakeholders) to develop novel interventions aimed at achieving a 20-90% reduction in crop losses due to fungal and mycotoxin contamination. MyToolBox will not only pursue a field-to-fork approach but will also consider safe use options of contaminated batches, such as the efficient production of biofuels. A major component of MyToolBox, which also distinguishes this proposal from previous efforts in the area mycotoxin reduction, is to provide the recommended measures to the end users along the food and feed chain in a web-based Toolbox. Cutting edge research will result in new interventions, which will be integrated together with existing measures in the Toolbox that will guide the end user as to the most effective measure(s) to be taken to reduce crop losses. We will focus on small grain cereals, maize, peanuts and dried figs, applicable to agricultural conditions in EU and China. Crop losses using existing practices will be compared with crop losses after novel pre-harvest interventions including investigation of genetic resistance to fungal infection, cultural control, the use of novel biopesticides (organic-farming compliant), competitive biocontrol treatment and development of forecasting models to predict mycotoxin contamination. Research into post-harvest measures including real-time monitoring during storage, innovative sorting of crops using vision-technology and novel milling technology will enable cereals with higher mycotoxin levels to be processed without breaching regulatory limits in finished products. Research into the effects of baking on mycotoxin levels will provide better understanding of process factors used in mycotoxin risk assessment. Involvement of leading institutions from China are aimed at establishing a sustainable cooperation in mycotoxin research between the EU and China.","MyToolBox, mantar ve mikotoksin kontaminasyonu nedeniyle ürün kayıplarında% 20-90'lık bir azalma elde etmeyi amaçlayan yeni müdahaleler geliştirmek için çok faktörlü bir ortaklığı (akademi, çiftçiler, teknoloji KOBİ'leri, gıda endüstrisi ve politika paydaşları) harekete geçirir. MyToolBox sadece sahadan çatala yaklaşımı takip etmekle kalmayacak, aynı zamanda biyoyakıtların verimli üretimi gibi kirlenmiş partilerin güvenli kullanım seçeneklerini de dikkate alacaktır. Bu öneriyi mikotoksin azaltma alanındaki önceki çabalardan da ayıran MyToolBox'un önemli bir bileşeni, web tabanlı bir Toolbox'ta gıda ve yem zinciri boyunca son kullanıcılara önerilen önlemleri sağlamaktır. Kesme kenarı araştırması, ürün kayıplarını azaltmak için alınacak en etkili önlem (ler) konusunda son kullanıcıya rehberlik edecek Toolbox'taki mevcut önlemlerle birlikte entegre edilecek yeni müdahalelerle sonuçlanacaktır. AB ve Çin'deki tarım koşullarına uygulanabilir küçük tahıl gevrekleri, mısır, yer fıstığı ve kurutulmuş incirlere odaklanacağız. Mevcut uygulamaları kullanan ürün kayıpları, mantar enfeksiyonuna genetik direncin araştırılması, kültürel kontrol, yeni biyopestisitlerin kullanımı (organik tarım uyumlu), rekabetçi biyokontrol tedavisi ve mikotoksin kontaminasyonunu tahmin etmek için tahmin modellerinin geliştirilmesi de dahil olmak üzere yeni hasat öncesi müdahalelerden sonra mahsul kayıplarıyla karşılaştırılacaktır. Depolama sırasında gerçek zamanlı izleme, görme teknolojisi ve yeni frezeleme teknolojisi kullanılarak ürünlerin yenilikçi bir şekilde sınıflandırılması da dahil olmak üzere hasat sonrası önlemler üzerine yapılan araştırmalar, bitmiş ürünlerde düzenleyici sınırları ihlal etmeden daha yüksek mikotoksin seviyelerine sahip tahılların işlenmesini sağlayacaktır. Pişirmenin mikotoksin seviyeleri üzerindeki etkileri üzerine yapılan araştırmalar, mikotoksin risk değerlendirmesinde kullanılan süreç faktörlerinin daha iyi anlaşılmasını sağlayacaktır. Çin'in önde gelen kurumlarının katılımı, AB ve Çin arasında mikotoksin araştırmalarında sürdürülebilir bir işbirliği kurmayı amaçlamaktadır.",Helsinki-NLP/opus-mt-en-tr,pending,pending,pending,pending,Pending human expert translation review.
750252,validation,biogeochemistry,5,biogeochemistry;climatic_changes;ecosystems;geothermal_energy;proteins,"Global warming can trigger enormous releases of carbon (C) from soils, with positive feedbacks to climate change. Northern high latitude soils can constitute a major contributor to this positive feedback loop. Climate change predictions are however still largely uncertain, partly due the lack of accurate representation of vegetation and soil microbial feedbacks and C and nitrogen (N) interactions. Warming enhances microbial mineralization of soil organic matter (SOM) (i.e. soil C outputs) to a higher degree than vegetation productivity (i.e. soil C inputs), resulting in large C losses from northern soils. Pioneer results point to proportional N losses in response to warming, which may be the key to this phenomenon. This project will combine the expertise of a multidisciplinary group of leading researchers on ecosystem stoichiometry, stable N isotopic methods and applied biotechnology with the existence of unique and established research sites in geothermal systems in Iceland to reveal the fate of N lost in response to warming, and uncover the mechanisms behind observed soil C losses. StoiCa will elucidate, for first time, three key knowledge gaps: (1) the rates, forms and mechanisms of N losses from arctic soils under warming; (2) the transient- and persistent responses and the warming-induced transitions from a closed to a leaky, open N cycle; (3) the shifts towards a more symbiotic N cycle and role of thermo-adapted mycorrhiza in stimulating plant growth. This proposal directly addresses two cross-cutting priorities of sustainable development and climate action from the H2020 Work Programme. It also represents an exceptional opportunity for the candidate to acquire the essential skills that she lacks and that will convert her into a highly competitive European researcher in climate change biogeochemistry, while obtaining intersectorial capacities that will open new career avenues.","Küresel ısınma, iklim değişikliğine olumlu geri bildirimlerle topraklardan muazzam karbon salınımlarını (C) tetikleyebilir. Kuzey yüksek enlem toprakları bu olumlu geri besleme döngüsüne önemli bir katkıda bulunabilir. Bununla birlikte, iklim değişikliği tahminleri hala büyük ölçüde belirsizdir, kısmen bitki örtüsü ve toprak mikrobiyal geri beslemelerinin ve C ve azot (N) etkileşimlerinin doğru bir şekilde temsil edilmemesinden kaynaklanmaktadır. Isınma, toprak organik maddesinin (SOM) mikrobiyal mineralizasyonunu (yani toprak C çıkışlarını) bitki örtüsü verimliliğinden (yani toprak C girişlerinden) daha yüksek bir dereceye kadar arttırır, bu da kuzey topraklarından büyük C kayıplarına neden olur. Öncü sonuçlar, bu fenomenin anahtarı olabilecek ısınmaya yanıt olarak orantılı N kayıplarına işaret ediyor. Bu proje, ekosistem stokiyometrisi, kararlı N izotopik yöntemleri ve uygulamalı biyoteknoloji üzerine çok disiplinli bir grup araştırmacının uzmanlığını, İzlanda'daki jeotermal sistemlerde benzersiz ve yerleşik araştırma alanlarının varlığıyla birleştirerek, ısınmaya yanıt olarak kaybedilen N'nin kaderini ortaya çıkaracak ve gözlemlenen toprak C kayıplarının arkasındaki mekanizmaları ortaya çıkaracaktır. StoiCa, ilk kez, üç önemli bilgi boşluğunu aydınlatacaktır: (1) ısınma altındaki kutup topraklarından gelen N kayıplarının oranları, formları ve mekanizmaları; (2) geçici ve kalıcı tepkiler ve kapalı bir sızıntılı, açık N döngüsüne ısınma kaynaklı geçişler; (3) daha simbiyotik bir N döngüsüne doğru kaymalar ve termo-uyumlu mycorrhiza'nın bitki büyümesini teşvik etmedeki rolü. Bu öneri, H2020 Çalışma Programı'ndan sürdürülebilir kalkınma ve iklim eyleminin iki çapraz kesme önceliğini doğrudan ele almaktadır. Ayrıca, adayın sahip olmadığı temel becerileri edinmesi ve bu da onu iklim değişikliği biyojeokimyasında son derece rekabetçi bir Avrupalı araştırmacıya dönüştürürken, yeni kariyer yolları açacak kesişen kapasiteleri elde etmesi için olağanüstü bir fırsatı temsil ediyor.",Helsinki-NLP/opus-mt-en-tr,pending,pending,pending,pending,Pending human expert translation review.
641942,validation,biological_interactions,5,biological_interactions;business_models;recycling;sustainable_economy;textiles,"The RESYNTEX project aims at designing, developing and demonstrating new high environmental impact industrial symbiosis between the unwearable blends and pure components of textile waste and the chemical and textile industries. The project comprises:- a strategic design of the whole value chain from textile waste collection, until the new marketable feedstock for chemical & textile industrie, by which the symbiosis opportunities are evaluated (by public authorities and the private sector) in terms of their social, technical, economic, environmental and legislative aspects- the improvement of collection approaches particularly for non-wearable textiles for recycling by changing citizen’s behaviour and creation of tools for higher social involvement and recycling promotion. This will ensure a greater accessibility to textile waste as resource and increase the textile waste rates destined for recycling. With 50% collection rate all over Europe would be a significant improvement in order to provide large quantities of feedstock- a data aggregation system that will be developed and implemented in order to ensure waste traceability and also provide relevant data for economic and environmental assessment;- the development of new business models adapted for different synergies identified and for new markets. In addition, environmental LCA and LCC for different scenarios and identification of the most promising routes and synergies will support this objective- automation of the macro separation and sorting for pure or blended textiles, in order to enhance productivity and competitiveness of the whole recycling process- a new demonstration process based on a synergistic chemical and biotechnological cascading separation/transformation approach of textile basic components (proteins, cellulose, polyamide and polyester) from textile blends as basic feedstock materials for chemical & textile industries. Liquid and solid waste treatment and valorisation will close the loop","RESYNTEX projesi, tekstil atıklarının yorulmaz karışımları ve saf bileşenleri ile kimya ve tekstil endüstrileri arasında yeni yüksek çevresel etki endüstriyel simbiyozu tasarlamayı, geliştirmeyi ve göstermeyi amaçlamaktadır. Proje şunları içerir:- tüm değer zincirinin tekstil atık toplamasından, kimyasal ve tekstil endüstrisi için yeni pazarlanabilir hammadde stokuna kadar stratejik bir tasarım, bu sayede simbiyoz fırsatları (kamu otoriteleri ve özel sektör tarafından) sosyal, teknik, ekonomik, çevresel ve yasama yönleri açısından değerlendirilir - özellikle vatandaşın davranışını değiştirerek geri dönüşüm için giyilebilir olmayan tekstil yaklaşımlarının iyileştirilmesi ve daha yüksek sosyal katılım ve geri dönüşüm promosyonu için araçların oluşturulması. Bu, kaynak olarak tekstil atıklarına daha fazla erişilebilirlik sağlayacak ve geri dönüşüme yönelik tekstil atık oranlarını artıracaktır. Tüm Avrupa'da %50 toplama oranı ile büyük miktarlarda hammadde sağlamak için önemli bir gelişme olacaktır - atık izlenebilirliğini sağlamak ve aynı zamanda ekonomik ve çevresel değerlendirme için ilgili verileri sağlamak için geliştirilecek ve uygulanacak bir veri toplama sistemi; - tanımlanan farklı sinerjiler ve yeni pazarlar için uyarlanmış yeni iş modellerinin geliştirilmesi. Buna ek olarak, çevresel LCA ve LCC için farklı senaryolar ve en umut verici rotaların ve sinerjilerin tanımlanması, saf veya harmanlanmış tekstiller için makro ayırma ve ayırmanın bu nesnel otomasyonunu destekleyecek, tüm geri dönüşüm sürecinin üretkenliğini ve rekabet gücünü arttırmak için - tekstil temel bileşenlerinin (proteinler, selüloz, poliamid ve polyester) sinerjistik kimyasal ve biyoteknolojik katlama ayırma / dönüşüm yaklaşımına dayanan yeni bir gösteri süreci. Sıvı ve katı atık arıtma ve değerleme döngüyü kapatacak",Helsinki-NLP/opus-mt-en-tr,pending,pending,pending,pending,Pending human expert translation review.
845185,validation,biomass,5,biomass;biomaterials;lipids;renewable_energy;separation_technologies,"Next generation biomass resources such as marine seaweed and micro-algae have advantages in comparison to terrestrial lignocellulosic biomass as they can grow on non-arable land at higher areal productivities. Aquatic biomass can provide renewable energy (e.g. biodiesel, bioethanol and biogas) as well as high-value molecules such as carotenoids, fatty acids, carbohydrates, proteins and food fibres, which can be used in food, feed, cosmetics, biomaterials, nanostructures and pharmaceutical industries. However, in order to greatly increase the economic viability of aquatic biomass, all components found in the biomass need to be valorized. Unfortunately, valorization of multiple biomass components is not possible using current/conventional biorefinery technologies, where up to 90% of the biomass is being treated as a waste. The value of these broken-down compounds sees more than a ten-fold reduction, rendering the biorefinery economically unfeasible. Therefore, in furtherance of developing multiproduct biorefineries, selective and economically feasible extraction and separation technologies will need to be developed and implemented. Significant microalgal cell disruption and extraction advances have been recently made by employing external fields such as lasers, ultrasonic waves and microwaves, in combination with less aggressive solvents and ionic liquids. However, the issues regarding the use of chemicals and multiple separation stages remain. Thus, we are proposing a game-changing single-step disentanglement and separation of microalgal high-value components by using acoustic waves at different frequencies allowing thus a complete process fine-tuning and eliminating the need for chemicals. Moreover, by including our previously-developed ultrasound disruption technology, the whole cell breakdown, extraction and separation steps could be reduced to one single process governed and finely-tuned through the employed frequency ranges.","Deniz yosunları ve mikro-algler gibi yeni nesil biyokütle kaynakları, karasal lignoselülozik biyokütle ile karşılaştırıldığında, daha yüksek areal ürünlerde yetiştirilemeyen topraklarda büyüyebildikleri için avantajlara sahiptir. Sucul biyokütle yenilenebilir enerji (örneğin biyodizel, biyoetanol ve biyogaz) yanı sıra gıda, yem, kozmetik, biyomalzeme, nanoyapılar ve ilaç endüstrilerinde kullanılabilecek karotenoidler, yağ asitleri, karbonhidratlar, proteinler ve gıda lifleri gibi yüksek değerli moleküller sağlayabilir. Bununla birlikte, suda yaşayan biyokütlenin ekonomik canlılığını büyük ölçüde artırmak için, biyokütlede bulunan tüm bileşenlerin değerlendirilmesi gerekir. Ne yazık ki, biyokütlenin %90'ına kadarının atık olarak ele alındığı mevcut / konvansiyonel biyorefineri teknolojileri kullanılarak çoklu biyokütle bileşenlerinin değerlendirilmesi mümkün değildir. Bu parçalanmış bileşiklerin değeri, on kattan fazla bir azalma görür ve biyorefineri ekonomik olarak olanaksız hale getirir. Bu nedenle, çok ürünlü biyorefineri geliştirmenin devamı olarak, seçici ve ekonomik olarak uygulanabilir ekstraksiyon ve ayırma teknolojilerinin geliştirilmesi ve uygulanması gerekecektir. Son zamanlarda lazerler, ultrasonik dalgalar ve mikrodalgalar gibi dış alanların daha az agresif çözücüler ve iyonik sıvılarla birlikte kullanılmasıyla önemli mikroalgal hücre bozulması ve ekstraksiyon ilerlemeleri yapılmıştır. Bununla birlikte, kimyasalların kullanımı ve çoklu ayırma aşamaları ile ilgili sorunlar devam etmektedir. Bu nedenle, farklı frekanslarda akustik dalgalar kullanarak oyun değiştiren tek adımlı bir ayrılma ve mikroalgal yüksek değerli bileşenlerin ayrılmasını ve böylece kimyasalların ihtiyacını ortadan kaldırmayı ve böylece tam bir süreç ince ayar yapmayı teklif ediyoruz. Dahası, daha önce geliştirilen ultrason bozulma teknolojimizi de dahil ederek, tüm hücre parçalanması, ekstraksiyon ve ayırma adımları, istihdam edilen frekans aralıkları aracılığıyla yönetilen ve ince ayarlı tek bir işleme indirgenebilir.",Helsinki-NLP/opus-mt-en-tr,pending,pending,pending,pending,Pending human expert translation review.
820352,validation,biomass_energy,5,biomass_energy;bioreactors;recycling;sustainable_agriculture;sustainable_economy,"Waste from animal breeding and agriculture, specifically horse and chicken manure and wheat straw, are the raw materials of the growing substrate of mushroom. To grow 1 tonne of mushroom, 3 to 4 tonnes of substrate are needed. However, when mushroom production is completed the substrate cannot be used for another growing cycle due to the depletion of nutrients needed for mushroom growing and it is called Spent Mushroom Substrate (SMS) and becomes a waste that should be managed according to regulations. In Europe, c.a. 3.65 million tons of SMS are generated each year. SMS is a high-moisture content bulk material rich in organic matter and nutrients and it could be reused in agriculture by adding it to the soils as amendment or mulch or weathered to be reused as casing soil. However, nitrates directive set a disposal limit that makes that large quantities of SMS cannot be simply spread in soils next to growers’ facilities, as there is a high risk of leachates and water pollution. Due to its low bulk density and high water content, transportation costs are high and therefore storage is becoming a sound problem. SmartMUSHROOM aims to increase mushroom growers’ waste management efficiency by using a new technology which allow them to obtain enough biogas from fresh SMS to dry a mixture of digestate and additional fresh SMS and pelletize it targeting to obtain a marketable high-quality organic fertilizer rich in organic matter and in nutrients, easy to handle, store and transport to any farming region in Europe. A perfect example of biobased circular economy. The aim of the project is to build a pilot plant to demonstrate the technology and find the best commercial formulation for the pellets to enter organic farming market. After the end of project we aim to build at least 18 treatment plants that will place in market 153,000 tonnes of SMS-pellets, generating a total Turnover of 54M€ in the period 2021-2025 and up to 105 related new jobs.","Hayvan yetiştiriciliği ve tarımdan kaynaklanan atıklar, özellikle at ve tavuk gübresi ve buğday samanı, mantarın büyüyen substratının hammaddesidir. 1 ton mantar yetiştirmek için 3 ila 4 ton substrata ihtiyaç vardır. Bununla birlikte, mantar üretimi tamamlandığında, substrat, mantar yetiştiriciliği için gerekli besin maddelerinin tükenmesi nedeniyle başka bir büyüme döngüsü için kullanılamaz ve Spent Mushroom Substrat (SMS) olarak adlandırılır ve yönetmeliklere göre yönetilmesi gereken bir atık haline gelir. Avrupa'da, c.a. Her yıl 3.65 milyon ton SMS üretilmektedir. SMS, organik madde ve besin açısından zengin yüksek nem içeriğinde bir dökme malzemedir ve tarımda topraklara değişiklik veya malç olarak ekleyerek veya muhafaza toprağı olarak yeniden kullanılmak üzere yıpranarak yeniden kullanılabilir. Bununla birlikte, nitratlar direktifi, yüksek miktarda SMS'in, leachat ve su kirliliği riski yüksek olduğu için, yetiştirici tesislerinin yanındaki topraklara basitçe yayılamayacağını gösteren bir bertaraf limiti belirledi. Düşük toplu yoğunluğu ve yüksek su içeriği nedeniyle ulaşım maliyetleri yüksektir ve bu nedenle depolama sağlam bir sorun haline gelmektedir. SmartMUSHROOM, mantar yetiştiricilerinin atık yönetimi verimliliğini, sindirme ve ilave taze SMS karışımını kurutmak için taze SMS'ten yeterli miktarda biyogaz elde etmelerini sağlayan yeni bir teknoloji kullanarak artırmayı ve organik madde ve besinler açısından zengin, Avrupa'daki herhangi bir tarım bölgesine taşınması, depolanması ve taşınması kolay, pazarlanabilir bir yüksek kaliteli organik gübre elde etmek için hedeflemeyi peletlemeyi amaçlamaktadır. Biyo-tabanlı dairesel ekonominin mükemmel bir örneği. Projenin amacı, teknolojiyi göstermek ve peletlerin organik tarım pazarına girmesi için en iyi ticari formülasyonu bulmak için bir pilot tesis inşa etmektir. Projenin sona ermesinden sonra, 2021-2025 döneminde toplam 54M ciro ve 105'e kadar ilgili yeni iş üreten 153.000 ton SMS-pellet pazarlayacak en az 18 arıtma tesisi inşa etmeyi amaçlıyoruz.",Helsinki-NLP/opus-mt-en-tr,pending,pending,pending,pending,Pending human expert translation review.
738661,validation,biomaterials,5,biomaterials;cardiovascular_diseases;manufacturing_engineering;marine_biology;vegetable_growing,"Omega-3 is an essential oil required by the body for proper functioning. It protects from cardiovascular diseases andimproves the development and functioning of the skin as well nervous and visual system. Astaxanthin is a carotenoidpigment and is one of the most effective antioxidants to support human health.The global demand for Omega-3 and Astaxanthin for human consumption will require large quantities of both products:260.000 tonnes of Omega-3 and 670 tonnes of Astaxanthin per year. This growing demand comes mainly from healthconscious customer segment. This segment is also very interested in buying natural and eco-friendly products. However,their traditional extraction process from marine organisms (mainly fish and krill) is not sustainable: over fishing, high energy,raw materials consumption and a low efficiency. The majority of the marine resources are fully exploited or overexploited.The SME Neoalgae has designed an eco-innovative and sustainable industrial bioprocess for obtaining Omega-3 andAstaxanthin using marine microalgae as a natural source. This system is the answer to the growing demand in Omega-3 andAstaxanthin, especially in nutraceutical, cosmetic and pharmaceutical applications. With the new process, production ofOmega-3 and Astaxanthin will not affect marine resources. Both products will be free of pollutants, without fishy aftertasteand odour free, apt for vegans, and with competitive and stable production costs.After the feasibility of the new products has been proved at a technical and market level, this SME-2 project will scale-up theproduction of both compounds and will demonstrate their effectiveness through their inclusion in nutraceuticals and in newecological products for the treatment of 3 skin diseases: acne, atopic skin and aging skin produced by the SME Bicosome.Both companies will benefit from a dramatic boost in their sales and improve their market positions, as well asinternationalising their businesses.","Omega-3, vücudun düzgün çalışması için gerekli olan bir esansiyel yağdır. Kardiyovasküler hastalıklardan korur ve cildin gelişimini ve işleyişini, ayrıca sinir ve görsel sistemi geliştirir. Astaxanthin bir karotenoid pigmenttir ve insan sağlığını desteklemek için en etkili antioksidanlardan biridir.İnsan tüketimi için küresel Omega-3 ve Astaxanthin talebi, her iki üründen de büyük miktarlarda gerektirecektir: Yılda 260.000 ton Omega-3 ve 670 ton Astaxanthin. Bu artan talep esas olarak sağlık bilincine sahip müşteri segmentinden gelmektedir. Bu segment aynı zamanda doğal ve çevre dostu ürünler satın almakla da çok ilgileniyor. Bununla birlikte, deniz organizmalarından (çoğunlukla balık ve kril) geleneksel çıkarma süreci sürdürülebilir değildir: balıkçılık, yüksek enerji, hammadde tüketimi ve düşük verimlilik. Deniz kaynaklarının çoğunluğu tamamen sömürülüyor veya aşırı sömürülüyor.SME Neoalgae, doğal bir kaynak olarak deniz mikroalgini kullanarak Omega-3 ve Astaxanthin elde etmek için eko-yenilikçi ve sürdürülebilir bir endüstriyel biyoprocess tasarladı. Bu sistem, Omega-3 ve Astaxanthin'de, özellikle nutrasötik, kozmetik ve farmasötik uygulamalarda artan talebin cevabıdır. Yeni süreçle birlikte, Omega-3 ve Astaxanthin'in üretimi deniz kaynaklarını etkilemeyecek. Her iki ürün de kirleticilerden arınmış olacak, balık tadı ve kokusuz, veganlar için uygun ve rekabetçi ve istikrarlı üretim maliyetleri ile.Yeni ürünlerin fizibilitesinin teknik ve pazar düzeyinde kanıtlanmasından sonra, bu KOBİ-2 projesi her iki bileşiğin üretimini ölçeklendirecek ve 3 cilt hastalığının tedavisi için nutraseuticals ve newecological ürünlerde satışlarını artırarak etkinliklerini gösterecektir.",Helsinki-NLP/opus-mt-en-tr,pending,pending,pending,pending,Pending human expert translation review.
813152,validation,biomolecules,4,biomolecules;drug_discovery;mass_spectrometry;microscopy;software,"We aim to demonstrate the disruptive commercial and societal potential of interferometric scattering microscopy for mass spectrometry of single biomolecules in solution. The PoC grant will be used to produce a near-market ready prototype and implement the required software modifications expected of a commercial device, to demonstrate that the technology is sufficiently robust to warrant venture capital funding for our spin-out company. Our early discussions with both pharma and instrument manufactueres have highlighted a need for more in-depth application of our technique. The novelty of our approach requires both demonstration and testing on a broad range of potential analytes and environments, which is why we require a portable instrument, that not only enables on-site testing, but also on-site demonstration in a non-university research environment. Similarly, there is a clear and pressing need to produce more intuitive and clearly commercially viable software to unlock the full potential of our technology. Data from these experiments will help define our final product(s) and to translate this research into a viable package for raising venture capital. The development of a novel, broadly accessible technology enables new avenues for screening potential drug candidates that could be used to further our understanding of drug interactions at the molecular level. The economic benefits will, therefore, be realised primarily through the pharmaceutical, healthcare and allied industries as well as the bioanalytical industry, through increased sales of instruments. All will have a considerable impact on the European economy. In addition to drug-discovery-related advances, our technology has the potential to transform cholesterol classification and change current approaches to cancer screening, through its intrinsic single molecule sensitivity.","Tek biyomoleküllerin kütle spektrometrisi için interferometrik saçılma mikroskobunun yıkıcı ticari ve toplumsal potansiyelini çözümde göstermeyi amaçlıyoruz. PoC hibesi, piyasaya yakın bir hazır prototip üretmek ve ticari bir cihazdan beklenen gerekli yazılım değişikliklerini uygulamak, teknolojinin spin-out şirketimiz için risk sermayesi finansmanını garanti etmek için yeterince sağlam olduğunu göstermek için kullanılacaktır. Hem farma hem de enstrüman üreticileri ile yaptığımız ilk tartışmalar, tekniğimizin daha derinlemesine uygulanmasına duyulan ihtiyacı vurgulamıştır. Yaklaşımımızın yeniliği, çok çeşitli potansiyel analitler ve ortamlar üzerinde hem gösteri hem de test yapılmasını gerektirir; bu nedenle, yalnızca yerinde test yapılmasını sağlamakla kalmayıp, aynı zamanda üniversite dışı bir araştırma ortamında yerinde gösteri yapılmasını sağlayan taşınabilir bir cihaza ihtiyacımız var. Benzer şekilde, teknolojimizin tam potansiyelinin kilidini açmak için daha sezgisel ve açıkça ticari olarak uygulanabilir bir yazılım üretmek için açık ve acil bir ihtiyaç vardır. Bu deneylerden elde edilen veriler, nihai ürünümüzü tanımlamaya ve bu araştırmayı risk sermayesinin yükseltilmesi için uygulanabilir bir pakete çevirmeye yardımcı olacaktır. Yeni, geniş erişilebilir bir teknolojinin geliştirilmesi, moleküler düzeyde ilaç etkileşimleri anlayışımızı ilerletmek için kullanılabilecek potansiyel ilaç adaylarını taramak için yeni yollar sağlar. Bu nedenle ekonomik faydalar, öncelikle ilaç, sağlık hizmetleri ve müttefik endüstrilerin yanı sıra biyoanalitik endüstri aracılığıyla, artan enstrüman satışları yoluyla gerçekleştirilecektir. Bunların hepsi Avrupa ekonomisi üzerinde önemli bir etkiye sahip olacak. İlaç keşfi ile ilgili gelişmelere ek olarak, teknolojimiz, kolesterol sınıflandırmasını dönüştürme ve mevcut yaklaşımları kanser taramasına, içsel tek molekül duyarlılığı ile değiştirme potansiyeline sahiptir.",Helsinki-NLP/opus-mt-en-tr,pending,pending,pending,pending,Pending human expert translation review.
101027987,validation,biophysics,6,biophysics;coronaviruses;enzymes;pandemics;virology,"Coronaviruses (CoV) have been responsible for several severe viral outbreaks culminating in the current global pandemic. However, some viruses of this family are widespread and only cause mild conditions, like the common cold. The origin of the significant variation in the severity of the CoV-related diseases is still poorly understood. Recent studies have suggested that the strength of the interaction between the virus and the cell surface during the early stages of virus entry could play an important role. CoVs attachment to the plasma membrane is mediated by the specific interaction between the viral spike glycoprotein (CoV-S) and receptors found on the cell surface. In addition, several CoVs have been shown to interact with the cellular glycocalyx during the early attachment to the cell surface. In this proposal, I describe the study of the early entry mechanism of CoV-SARS, CoV-SARS2, and hCoV-NL63 which all target the same cellular receptor, angiotensin-converting enzyme 2, while strongly varying in their pathogenicity. The study focuses on the dynamics, kinetics and strength of the interaction of these viruses with the cell surface. It employs an incremental approach, from the study of the bond between individual CoV-S and single membrane components to multivalent interactions between the virion and the cell surface. A wide array of biophysical (e.g. single-particle tracking, and optical tweezer) and biological (e.g. viral pseudotypes) techniques are used, combining the host’s and my expertise. This multidisciplinary project will result in a unique and comprehensive characterisation of the interactions taking place during CoV-entry, it will elucidate the difference between viral species, and it will give insights into the origin of the observed differences in pathogenicity. In addition, this work will strengthen and expand my experience and network in the virology and biophysics fields, significantly improving my career prospects as an independent researcher.","Koronavirüsler (CoV), mevcut küresel pandemi ile sonuçlanan birkaç şiddetli viral salgından sorumludur. Bununla birlikte, bu ailenin bazı virüsleri yaygındır ve sadece soğuk algınlığı gibi hafif koşullara neden olur. CoV ile ilişkili hastalıkların şiddetindeki önemli varyasyonun kökeni hala yeterince anlaşılamamıştır. Son çalışmalar, virüs girişinin erken aşamalarında virüs ve hücre yüzeyi arasındaki etkileşimin gücünün önemli bir rol oynayabileceğini öne sürmüştür. Plazma zarına CoV bağlanması, hücre yüzeyinde bulunan viral spike glikoprotein (CoV-S) ve reseptörler arasındaki spesifik etkileşimle aracılık eder. Buna ek olarak, birkaç CoV'un hücre yüzeyine erken bağlanma sırasında hücresel glikokaliks ile etkileşime girdiği gösterilmiştir. Bu öneride, CoV-SARS, CoV-SARS2 ve hCoV-NL63'ün aynı hücresel reseptörü, anjiyotensin-dönüştürücü enzim 2'yi hedef alan erken giriş mekanizmasının çalışmasını, patojenitelerinde güçlü bir şekilde değişiklik gösterirken anlatıyorum. Çalışma, bu virüslerin hücre yüzeyi ile etkileşiminin dinamiği, kinetiği ve gücüne odaklanmaktadır. Bireysel CoV-S ve tek membran bileşenleri arasındaki bağın incelenmesinden virion ve hücre yüzeyi arasındaki çok değerli etkileşimlere kadar artan bir yaklaşım kullanır. Çok çeşitli biyofiziksel (örneğin tek parçacıklı izleme ve optik cımbız) ve biyolojik (örneğin viral psödotipler) teknikler kullanılır, bu da konakçının ve benim uzmanlığımı birleştirir. Bu multidisipliner proje, CoV-giriş sırasında gerçekleşen etkileşimlerin benzersiz ve kapsamlı bir karakterizasyonu ile sonuçlanacak, viral türler arasındaki farkı aydınlatacak ve patojenitede gözlemlenen farklılıkların kökeni hakkında bilgiler verecektir. Buna ek olarak, bu çalışma, viroloji ve biyofizik alanlarındaki deneyimimi ve ağımı güçlendirecek ve genişletecek ve bağımsız bir araştırmacı olarak kariyer beklentilerimi önemli ölçüde geliştirecektir.",Helsinki-NLP/opus-mt-en-tr,pending,pending,pending,pending,Pending human expert translation review.
101025683,validation,bioreactors,5,bioreactors;biosensors;confocal_microscopy;dairy;food_safety,"Dairy industry is one of the largest food manufacturing sectors of Europe. Stainless steel is extensively used throughout the milk processing chain and is subjected to fouling leading to biofilm formation. Biofilms in the dairy industry pose a serious threat to the quality and safety of food products. Most studies on bacterial biofilms of the food industry have focused on single or dual species biofilms, negating the role of multispecies bacterial interaction, which is now considered to be a fundamental approach in studying biofilm community structure, spatial organization and factors underlying the biofilm formation on surfaces. Results of a recent projectshow that the food contact surfaces in the dairy industry in Belgium are contaminated with many different bacterial species, including several spoilers and spore-forming bacteria, which remain largely unaffected even after cleaning-in-place (CIP). Biofilm forming capacity of many of these species and their interaction, particularly the interaction between sporeformers and other non spore-forming bacteria such as Pseudomonas, Stenotrophomonas and Staphylococcus will be investigated. The objective is to model multispecies biofilms in different species combinations and monitor their behaviour and influence on each other from initial adherence to biofilm formation on a steel surface under conditions simulating real manufacturing operations. We plan to study the influence of simulated cleaning and disinfection techniques on the integrity of single and multispecies biofilms on stainless steel in a bioreactor based biofilm model. This project is multidisciplinary involving meta-transcriptomics, confocal laser scanning microscopy and a biosensor. This proposal includes a strong linkage opportunity between the host and two secondment partners. Successful completion of this project will lead to more fundamental understanding of the formation of biofilms in food industrial practice.","Süt endüstrisi, Avrupa'nın en büyük gıda üretim sektörlerinden biridir. Paslanmaz çelik, süt işleme zinciri boyunca yaygın olarak kullanılır ve biyofilm oluşumuna yol açan faullere maruz kalır. Süt endüstrisindeki biyofilmler, gıda ürünlerinin kalitesi ve güvenliği için ciddi bir tehdit oluşturmaktadır. Gıda endüstrisinin bakteriyel biyofilmleri üzerine yapılan çalışmaların çoğu, tek veya çift tür biyofilmler üzerinde yoğunlaşmış, artık biyofilm topluluk yapısının, mekansal organizasyonun ve yüzeylerdeki biyofilm oluşumunun altında yatan faktörlerin incelenmesinde temel bir yaklaşım olarak kabul edilen çok türlü bakteriyel etkileşimin rolünü yadsımıştır. Son zamanlarda Belçika'daki süt endüstrisindeki gıda temas yüzeylerinin, yerinde temizlikten (CIP) sonra bile büyük ölçüde etkilenmeyen birkaç spoiler ve spor oluşturan bakteri de dahil olmak üzere birçok farklı bakteri türü ile kirlendiğini gösteren bir proje sonuçları. Bu türlerin çoğunun biyofilm oluşturma kapasitesi ve etkileşimleri, özellikle sporoformerler ve Pseudomonas, Stenotrofomonas ve Staphylococcus gibi spor olmayan bakteriler arasındaki etkileşim araştırılacaktır. Amaç, çok türlü biyofilmleri farklı tür kombinasyonlarında modellemek ve gerçek üretim operasyonlarını simüle eden koşullar altında çelik bir yüzeydeki biyofilm oluşumuna ilk bağlılıktan birbirleri üzerindeki davranışlarını ve etkilerini izlemektir. Simüle edilmiş temizleme ve dezenfeksiyon tekniklerinin tek ve çok türlü biyofilmlerin paslanmaz çelik üzerindeki bütünlüğü üzerindeki etkisini biyoreaktör bazlı bir biyofilm modelinde incelemeyi planlıyoruz. Bu proje, meta-transkriptomik, konfokal lazer tarama mikroskobu ve bir biyosensör içeren çok disiplinlidir. Bu teklif, ev sahibi ve iki saniyelik ortak arasında güçlü bir bağlantı fırsatı içerir. Bu projenin başarılı bir şekilde tamamlanması, gıda sanayi uygulamalarında biyofilmlerin oluşumunun daha temel bir anlayışına yol açacaktır.",Helsinki-NLP/opus-mt-en-tr,pending,pending,pending,pending,Pending human expert translation review.
805222,validation,biosensors,6,biosensors;dna;proteomics;revolutions;super_resolution_microscopy,"Fluorescent microscopy is an indispensable tool in biology and medicine that has fueled many breakthroughs in a wide set of sub-domains.Recently the world of microscopy has witnessed a true revolution in terms of increased resolution of fluorescent imaging techniques. To break the intrinsic diffraction limit of the conventional microscope, several advanced super-resolution techniques were developed, some of which have even been awarded with the Nobel Prize in 2014. High resolution microscopy is also responsible for the spectacular cost reduction of DNA sequencing during the last decade.Yet, these techniques remain largely locked-up in specialized laboratories as they require bulky, expensive instrumentation and highly skilled operators.The next big push in microscopy with a large societal impact will come from extremely compact and robust optical systems that will make high-resolution (fluorescence) microscopy highly accessible, enabling both cellular diagnostics at the point of care and the development of compact, cost-effective DNA sequencing instruments, facilitating early diagnosis of cancer and other genomic disorders.IROCSIM will facilitate this next breakthrough by introducing a novel high-resolution imaging platform based entirely on an intimate marriage of active on-chip photonics and CMOS image sensors.This concept will completely eliminate the necessity of standard free-space optical components by integrating specially designed structured optical illumination, illumination modulation, an excitation filter and an image sensor in a single chip.The resulting platform will enable high resolution, fast, robust, zero-maintenance, and inexpensive microscopy with applications reaching from cellomics to DNA sequencing, proteomics, and highly parallelized optical biosensors.","Floresan mikroskopi, geniş bir alt alan kümesinde birçok atılımı körükleyen biyoloji ve tıpta vazgeçilmez bir araçtır.Son zamanlarda mikroskopi dünyası, floresan görüntüleme tekniklerinin artan çözünürlüğü açısından gerçek bir devrime tanık olmuştur. Konvansiyonel mikroskopun içsel kırınım sınırını kırmak için, bazıları 2014 yılında Nobel Ödülü'ne layık görülen birkaç gelişmiş süper çözünürlüklü teknik geliştirildi. Yüksek çözünürlüklü mikroskopi, son on yılda DNA diziliminin muhteşem maliyet azaltmasından da sorumludur. Yine de, bu teknikler, yüksek maliyetli, pahalı bir enstrümantasyon ve yüksek yetenekli operatörlere ihtiyaç duyduklarından, yüksek maliyetli bir optik sensöre sahip, yüksek maliyetli bir optik sensöre sahip, yüksek maliyetli bir optik sensöre sahip, yüksek maliyetli ve sağlam bir optik sistemden gelecek bir sonraki itme, yüksek çözünürlüklü (floresans) mikroskobu, hem hücresel tanıyı hem de bakım noktasında mümkün kılarak, özel laboratuvarlarda büyük ölçüde kilitlenmesini sağlayacaktır.",Helsinki-NLP/opus-mt-en-tr,pending,pending,pending,pending,Pending human expert translation review.
766975,validation,biosphera,5,biosphera;dna;metalloids;nucleic_acids;planets,"This Project is about bringing a suite of chemical reactions (and its related non-biological compounds and elements) to the biological fold (i.e. their 'biologization') by going beyond the Central Dogma of Molecular Biology (DNA→ RNA→ proteins→ metabolism) through both tuning and overcoming the uni-directionality of the information flow. To reverse-engineer reactions into a biological code, the utility function of the chemical process of interest will be progressively coupled to the fitness function of a live carrier (e.g. an engineered, synthetic or cyborg-ized bacterial chassis), the intermediate steps being supported by automated chemo-robots. The new-to-nature reactions (NTN) pursued within the MADONNA lifetime as case studies will include CO2 capture and recruitment of elemental silicon to become part of essential organo-Si metabolites. Along with the development of the new reactions, the research agenda of the Project will also include the [i] modelling and prediction on the impact of the new biotransformations on the overall functioning of the Biosphere once/if adopted at a large scale by the industrial sector and [ii] design of environmental simulators for evaluating the performance and evolution of the new biological reactions under given physico-chemical settings. With such approaches, MADONNA aims to fill many of the gaps between the 3 types of global-scale processing of chemical elements operating in our planet: Geochemical, Biological and Industrial. The scale of applications of the foundational technologies developed herein (which spin themselves much beyond CO2 and silicon) is unprecedented and a large number of societal ramifications including ethical, security, safety, economic, governance and public perceptions aspects at stake will be included. If successful, MADONNA will enable an entirely new type of sustainable industry in which many types of waste become assets instead of liabilities.","Bu Proje, biyolojik kıvrıma bir dizi kimyasal reaksiyon (ve ilgili biyolojik olmayan bileşikler ve elementler) getirmekle ilgilidir (yani 'biyologizasyonları') Moleküler Biyoloji Merkezi Dogma'nın ötesine geçerek (DNA RNA proteinleri metabolizması) hem ayarlama hem de bilgi akışının tek yönlülüğünü aşarak. Biyolojik bir koda ters mühendislik reaksiyonları için, kimyasal ilgi sürecinin fayda fonksiyonu aşamalı olarak canlı bir taşıyıcının fitness fonksiyonuna (örneğin, mühendislik, sentetik veya cyborg tabanlı bir bakteri şasisi), otomatik kemo-robotlar tarafından desteklenen ara adımlara bağlanacaktır. Vaka çalışmaları olarak MADONNA ömrü içinde takip edilen yeni-doğa reaksiyonları (NTN), temel organo-Si metabolitlerinin bir parçası olmak için CO2 yakalama ve elemental silikonun işe alınmasını içerecektir. Yeni tepkimelerin geliştirilmesiyle birlikte, Projenin araştırma gündeminde, yeni biyotransformasyonların biyosferin genel işleyişi üzerindeki etkisine ilişkin modelleme ve tahminler de yer alacak. bir kez/eğer sanayi sektörü tarafından büyük ölçekte benimsenmişse ve [ii] verilen fiziko-kimyasal ayarlar altında yeni biyolojik tepkimelerin performansını ve evrimini değerlendirmek için çevresel simülatörlerin tasarımı. Bu tür yaklaşımlarla MADONNA, gezegenimizde faaliyet gösteren kimyasal elementlerin küresel ölçekte işlenmesinin 3 türü arasındaki boşlukların çoğunu doldurmayı amaçlamaktadır: Jeokimyasal, Biyolojik ve Endüstriyel. Burada geliştirilen temel teknolojilerin (kendilerini CO2 ve silikonun çok ötesine döndüren) uygulamalarının ölçeği görülmemiştir ve etik, güvenlik, güvenlik, ekonomik, yönetim ve kamu algısı yönleri de dahil olmak üzere çok sayıda toplumsal sonuç alınacaktır. Başarılı olursa, MADONNA, birçok atık türünün borçlar yerine varlık haline geldiği tamamen yeni bir sürdürülebilir endüstri türünü sağlayacaktır.",Helsinki-NLP/opus-mt-en-tr,pending,pending,pending,pending,Pending human expert translation review.
833460,validation,black_holes,5,black_holes;energy_and_fuels;machine_learning;planets;statistics_and_probability,"Molecules pervade the cooler, denser parts of our Universe, in particular the reservoirs of the matter that forms stars and planets, and the gas in the centres of galaxies. In the Milky Way we routinely use molecules to discover and explore these regions and the more complex the chemistry, the more details of the gas the molecules reveal. There are one hundred billion galaxies in the observable Universe. About 200 or so are our neighbours. However, due to their distance, we are still not able to zoom in and observe individual clouds of dense gas. Nevertheless with the advent of ever more sensitive telescopes such as ALMA, we are discovering that chemistry in external galaxies is as complex as in our own Milky Way. Molecules, it seems, are universal and widespread. In MOPPEX I use molecules to shed light on the physical and chemical structure of our local galaxies, namely (i) what the energetic processes that determine their appearance are and (ii) where the matter that will form stars or fuels black holes is, with the ultimate goal to understand how galaxies form, evolve and interact with each other. To achieve this objective I propose a multi-faceted program that combines state of the art chemical and statistical models in conjunction with interferometric observations. More specifically, the success of MOPPEX relies on (i) in-house and open source suites of chemical models and an in-house line radiative transfer model, (ii) a new suite of tools comprising of modular statistical and machine learning algorithms, and (iii) large datasets of observational data on two nearby galaxies differing in types. My ultimate objective is to fundamentally change the way molecular observations are interpreted for external galaxies and thus to cause a paradigm shift in the use of molecules as tools to determine the chemistry and physics of galaxies.","Moleküller, Evrenimizin daha serin, daha yoğun kısımlarını, özellikle yıldızları ve gezegenleri oluşturan maddenin rezervuarlarını ve galaksilerin merkezlerindeki gazı kaplar. Samanyolu'nda bu bölgeleri keşfetmek ve keşfetmek için molekülleri rutin olarak kullanıyoruz ve kimya ne kadar karmaşık olursa, moleküllerin ortaya çıkardığı gazın daha fazla detayı. Gözlemlenebilir Evren'de yüz milyar galaksi var. Yaklaşık 200 kadar komşumuz var. Bununla birlikte, uzaklıkları nedeniyle, hala yoğun gaz bulutlarını tek tek yakınlaştırıp gözlemleyemiyoruz. Yine de ALMA gibi daha hassas teleskopların ortaya çıkmasıyla, dış galaksilerdeki kimyanın kendi Samanyolumuzdaki kadar karmaşık olduğunu keşfediyoruz. Moleküller evrensel ve yaygın görünüyor. MOPPEX'te molekülleri, yerel galaksilerimizin fiziksel ve kimyasal yapısına ışık tutmak için kullanırım, yani (i) görünümlerini belirleyen enerjik süreçlerin ne olduğunu ve (ii) yıldızları oluşturacak veya kara deliklere yakıt verecek maddenin nerede olduğunu, galaksilerin nasıl oluştuğunu, geliştiğini ve birbirleriyle nasıl etkileşime girdiğini anlamak için nihai hedefle. Bu amaca ulaşmak için, interferometrik gözlemlerle birlikte son teknoloji kimyasal ve istatistiksel modelleri birleştiren çok yönlü bir program öneriyorum. Daha spesifik olarak, MOPPEX'in başarısı, (i) kimyasal modellerin şirket içi ve açık kaynaklı süitlerine ve bir şirket içi hat ışınımlı transfer modeline, (ii) modüler istatistiksel ve makine öğrenme algoritmalarından oluşan yeni bir araç paketine ve (iii) yakınlardaki iki gökada üzerinde tip olarak farklılık gösteren büyük veri kümelerine dayanır. Nihai amacım, moleküler gözlemlerin dış galaksiler için yorumlanma şeklini temelden değiştirmek ve böylece galaksilerin kimyasını ve fiziğini belirlemek için bir araç olarak moleküllerin kullanımında bir paradigma kaymasına neden olmaktır.",Helsinki-NLP/opus-mt-en-tr,pending,pending,pending,pending,Pending human expert translation review.
874466,validation,bluetooth,6,bluetooth;mobile_phones;operating_systems;optical_sensors;parkinson,"In Europe today, an ever-growing population (over 4.3%) disabled by upper limb deficiency are unableto use digital devices. Assistive technology devices have been created to enable people with disabilities to usecomputer, tablets or smartphones. Conventional input devices allow individuals to control their computers throughmeans other than a standard keyboard or pointing device. However, these solutions present many limitations:they generally require additional software or hardware such as connectors, cameras, etc. Their dependency on acamera put serious limitation on the motion of the user by keeping him stationary. In addition, some are only ableto be used with specific operating systems, within a given program or single PC. Moreover, these devices haveno sensibility related to disorders of involuntary spasms, such as CP and Parkinson's, or reduced musclefunction, such as those suffering from paralysis and amputation. 6Degrees has developed the first Intuitive MotionController: Crescent is a light, wearable band that enables the user to control any PC, Tablet or Smartphone withease, effectively replacing a mouse or finger on a touch screen. It uses wireless communication and requires noadded programs. Using a patented, adaptable, self-calibrating and learning algorithm, Crescent is a plug-and-playBluetooth device that, worn on the upper arm, translates gross arm movement into commands. Crescent providesall-in-one solution, aimed at the Upper Limb deficiency as a whole. 6Degrees seeks funding to conduct afeasibility study to prove technical and commercial viability, conducting an analytical exercise to position theproduct. The objective is to test the economic viability of the platform among a larger pool of potential clients(user-acceptance), and to assess if the chosen commercialization approach will be conducive of the projectedgrowth on the European level.","Günümüzde Avrupa'da, üst ekstremite eksikliği nedeniyle engelli olan (%4,3) sürekli büyüyen bir nüfus dijital cihazları kullanamıyor. Engelli kişilerin bilgisayar, tablet veya akıllı telefon kullanmalarını sağlamak için yardımcı teknoloji cihazları oluşturulmuştur. Konvansiyonel giriş cihazları, bireylerin bilgisayarlarını standart bir klavye veya işaret cihazından başka araçlar aracılığıyla kontrol etmelerini sağlar. Bununla birlikte, bu çözümler birçok sınırlama sunar: genellikle konektörler, kameralar vb. Gibi ek yazılımlar veya donanımlar gerektirirler. Kameraya olan bağımlılıkları onu sabit tutarak kullanıcının hareketine ciddi sınırlamalar getirdi. Buna ek olarak, bazıları yalnızca belirli bir işletim sistemiyle, belirli bir program veya tek bir PC içinde kullanılabilir. Dahası, bu cihazların CP ve Parkinson gibi istem dışı spazm bozukluklarına veya felç ve ampütasyondan muzdarip olanlar gibi kas fonksiyonlarında azalmaya ilişkin bir duyarlılığı yoktur. 6Degrees ilk Sezgisel MotionController'ı geliştirdi: Crescent, kullanıcının herhangi bir PC, Tablet veya Smartphone'u kontrol etmesini sağlayan hafif, giyilebilir bir banttır. Kablosuz iletişim kullanır ve eksiz programlar gerektirir. Patentli, uyarlanabilir, kendi kendini kalibre edebilen ve öğrenen bir algoritma kullanan Crescent, üst kolda giyilen ve brüt kol hareketini komutlara çeviren bir tak ve çalıştırBluetooth cihazıdır. Hilal, bir bütün olarak Üst Limb eksikliğini amaçlayan bir arada bir çözüm sağlar. 6Degrees, teknik ve ticari uygulanabilirliği kanıtlamak için uygulanabilirlik çalışması yapmak, ürünü konumlandırmak için analitik bir egzersiz yapmak için fon arar. Amaç, platformun daha büyük bir potansiyel müşteri havuzu (kullanıcı kabulü) arasındaki ekonomik uygulanabilirliğini test etmek ve seçilen ticarileştirme yaklaşımının Avrupa düzeyinde öngörülen büyümenin elverişli olup olmayacağını değerlendirmektir.",Helsinki-NLP/opus-mt-en-tr,pending,pending,pending,pending,Pending human expert translation review.
862127,validation,botany,5,botany;cereals;climatic_changes;productivity,"The PhotoBoost project addresses the widening gap between agricultural productivity and the global market demand for food/feed and bioenergy crops in an environmentally friendly manner by increasing the efficiency of photosynthetic CO2 fixation. This will be achieved by developing enhanced C3 crops that combine two or more of the following approaches: a) the optimisation of light reactions; b) the integration of an algal CCM; c) the introduction of an engineered photorespiratory bypass mechanism, improved by the knockout of the native plastid glycolate-glycerate transporter; and d) the optimisation of source-sink capacity, improved by the knockout of phloem-mobile tuberisation signal SP6A, thus enhancing the resilience of heat-sensitive cultivars to climate change. The consortium members have increased photosynthetic efficiency by up to 15% using individual approaches, but the stacking of multiple approaches in the same plant has never been attempted before. We will also explore e) the adaptation of stomatal conductance to improve the water-use efficiency, and f) the integration of an O2 scavenging mechanism as a novel strategy to boost photosynthesis. Experience from past and/or ongoing EU and B&MGF projects clearly indicates that although the individual approaches can be effective, they are insufficient to achieve the ambitious objectives of the current call. Therefore, the PhotoBoost project will generate optimised lines representing two major food crops (potato and rice) by simultaneously targeting multiple constraints limiting photosynthetic efficiency. We aim to increase photosynthetic efficiency under diverse environmental conditions by at least 20–25% in terms of photosynthesis rates and by at least 25–30% in terms of biomass yield. Our published results demonstrate that such approaches are viable and there is no a priori reason to doubt that combining multiple approaches in the same plant will achieve even higher levels of biomass yield and productivity.","PhotoBoost projesi, fotosentetik CO2 fiksasyonunun verimliliğini artırarak tarımsal üretkenlik ile gıda/beslenme ve biyoenerji ürünlerine yönelik küresel pazar talebi arasındaki genişleyen farkı çevre dostu bir şekilde ele almaktadır. Bu, aşağıdaki yaklaşımların iki veya daha fazlasını birleştiren gelişmiş C3 mahsulleri geliştirerek başarılacaktır: a) ışık reaksiyonlarının optimizasyonu; b) bir algal CCM'nin entegrasyonu; c) yerli plastid glikolat-gliserat taşıyıcısının nakavt edilmesiyle geliştirilmiş tasarlanmış bir fotorespiratör bypass mekanizmasının tanıtılması; ve d) kaynak-sink kapasitesinin optimizasyonu, böylece-sombiber'in nakavt edilmesiyle iyileştirildi. Konsorsiyum üyeleri fotosentetik verimliliği bireysel yaklaşımlar kullanarak %15'e kadar artırdı, ancak aynı tesiste birden fazla yaklaşımın istiflenmesi daha önce hiç denenmedi. Ayrıca, e) su kullanım verimliliğini artırmak için stomatal iletkenliğin adaptasyonunu ve f) fotosentezi artırmak için yeni bir strateji olarak bir O2 süpürme mekanizmasının entegrasyonunu araştıracağız. Geçmiş ve/veya devam eden AB ve B&MF projelerinden edinilen deneyimler, bireysel yaklaşımların etkili olabilmesine rağmen, mevcut çağrının iddialı hedeflerine ulaşmak için yetersiz olduklarını açıkça göstermektedir. Bu nedenle, PhotoBoost projesi, fotosentetik verimliliği sınırlayan birden fazla kısıtlamayı aynı anda hedefleyerek iki ana gıda ürününü (patates ve pirinç) temsil eden optimize edilmiş hatlar üretecektir. Farklı çevre koşullarında fotosentetik verimliliği fotosentez oranları açısından en az %20-25 oranında ve biyokütle verimi açısından en az %25-30 oranında artırmayı amaçlıyoruz. Yayınlanan sonuçlarımız, bu tür yaklaşımların uygulanabilir olduğunu ve aynı tesiste birden fazla yaklaşımın birleştirilmesinin daha yüksek biyokütle verimi ve üretkenliği elde edeceğinden şüphe etmek için bir ön neden olmadığını göstermektedir.",Helsinki-NLP/opus-mt-en-tr,pending,pending,pending,pending,Pending human expert translation review.
893597,validation,breast_cancer,5,breast_cancer;immunotherapy;mortality;proteins;transcriptomes,"Breast cancer is the most common cancer among women with significant death rates and economic impact. In daily routine clinics, breast cancer is usually classified on the basis of three immunohistochemical markers (ER, PR and HER2). Triple-negative breast cancer (TNBC) is a subtype defined by the negativity of all these markers, which shows an adverse clinical course. It is characterized by a considerable gene expression heterogeneity that leads to a lack of availability of targeted therapies. Positive clinical trials relying on various forms of immunotherapy have shifted the paradigm of diverse malignancies from cytotoxics to novel immunomodulator drugs. The results in TNBC, however, are not as positive. In a recent taxonomic effort of the hosting group, TNBC has been re-classified on the basis of the activation status of six protein kinases, which in turn constituted novel targets for this disease. One of them, the 70-kDa ribosomal protein S6 kinase (P70S6K), which was associated with an adverse clinical outcome, showed negative correlation with tumor-infiltrating lymphocytes (TILs) abundance. The fact that P70S6K has been associated with immunosuppressive mechanisms and that there is a positive correlation between the number of TILs and the clinical outcomes in TNBC, suggests that the role of P70S6K may be related to pleiotropic and/or opposing properties of tumor progression. By using a combination of multiparametric flow cytometry, bulk/single-cell gene expression analysis and in vivo experiments in mouse models, this proposal aims to unravel the impact of P70S6K modulation over the already known relevant immune-oncology targets/axes as well as the therapeutic consequences of P70S6K blockade in TNBC. These studies will provide a better understanding of the lymphocyte-related responses modulated by P70S6K, with the potential to find new therapies for patients suffering from TNBC and possibly a broader range of malignances.","Meme kanseri, önemli ölüm oranları ve ekonomik etkisi olan kadınlar arasında en yaygın kanserdir. Günlük rutin kliniklerde, meme kanseri genellikle üç immünohistokimyasal belirteç (ER, PR ve HER2) temelinde sınıflandırılır. Triple-negatif meme kanseri (TNBC), tüm bu belirteçlerin olumsuzluğu ile tanımlanan ve ters bir klinik seyir gösteren bir alt tiptir. Hedeflenen terapilerin eksikliğine yol açan önemli bir gen ifadesi heterojenliği ile karakterizedir. Çeşitli immünoterapi biçimlerine dayanan pozitif klinik çalışmalar, sitotoksiklerden yeni immünomodülatör ilaçlara kadar çeşitli malignitelerin paradigmasını değiştirmiştir. Bununla birlikte, TNBC'deki sonuçlar o kadar olumlu değildir. Barındırma grubunun son taksonomik çabalarında, TNBC, altı protein kinazının aktivasyon durumuna dayanarak yeniden sınıflandırıldı ve bu da bu hastalık için yeni hedefler oluşturdu. Bunlardan biri, olumsuz bir klinik sonuçla ilişkili olan 70-kDa ribozomal protein S6 kinaz (P70S6K), tümör infiltre eden lenfositler (TIL'ler) bolluğu ile negatif korelasyon gösterdi. P70S6K'nın immünosupresif mekanizmalarla ilişkili olması ve TIL sayısı ile TNBC'deki klinik sonuçlar arasında pozitif bir korelasyon olması, P70S6K'nın rolünün tümör ilerlemesinin pleiotropik ve / veya karşıt özellikleri ile ilişkili olabileceğini düşündürmektedir. Fare modellerinde multiparametrik akış sitometrisi, toplu/tek hücreli gen ekspresyon analizi ve in vivo deneylerinin bir kombinasyonunu kullanarak, bu öneri, P70S6K modülasyonunun TNBC'deki P70S6K ablukasının terapötik sonuçlarının yanı sıra zaten bilinen bağışıklık onkoloji hedefleri / eksenleri üzerindeki etkisini çözmeyi amaçlamaktadır. Bu çalışmalar, P70S6K tarafından modüle edilen lenfositle ilgili yanıtların daha iyi anlaşılmasını, TNBC'den muzdarip hastalar için yeni terapiler bulma potansiyeli ve muhtemelen daha geniş bir malignlik yelpazesi sağlayacaktır.",Helsinki-NLP/opus-mt-en-tr,pending,pending,pending,pending,Pending human expert translation review.
732363,validation,bureaucracy,5,bureaucracy;e_commerce;law;machine_learning;video_games,"Cerebral Palsy (CP) is a frequent neurological disorder in childhood (2 per 1,000 births). The EU has 1.3m of the 15m persons with CP globally. Participation in daily activities with other individuals and inclusion in cooperative learning paths by playing digital games can promote health & well-being with such disabilities as is identified in Europe 2020. GABLE is a highly innovative online service platform to personalise games to enhance the living adjustment of people with CP avoiding a gamification process where one fits for all. GABLE will be an open platform combining (i) the results of phase from the very successful FP7-SME-2012 “Research for SMEs” project (GA 315032) that ended in Nov 2014, (ii) the results of RAGE project and (iii) the technologies derived from machine learning under a multiplayer approach combining fixed and mobile devices. It enables carers & clinical staff to easily create (using visual programming & no special IT skills) interactive games customised to individual’s abilities using unique computer vision & image processing techniques. Caregivers will adapt content and difficulty levels of the games according to the interests, abilities and progress of each individual user.Moving from the currently TRL6 to TRL8, five of the original partners in the Research phase will adapt the GameAbling platform to the new scenario and will develop a testing period piloting trials to operate/validate the system productisation at 8 diverse reference care centres over 18 months. The project will produce a total of 30 personalised games (5 per pilot). The strategy of the consortium is to take advantage from the good results on the remedial use of games for children with CP in order to develop new business scenarios based on the success in that niche, where further inclusion & learning gaming markets will be addressed. The project will develop/validate a Business Plan to commercially deploy the service on a mainly subscription basis.","Serebral Palsy (CP), çocuklukta sık görülen bir nörolojik bozukluktur (1000 doğumda 2 ). AB, küresel olarak CP'li 15 milyon kişiden 1,3 milyonuna sahiptir. Diğer bireylerle günlük faaliyetlere katılmak ve dijital oyunlar oynayarak kooperatif öğrenme yollarına dahil olmak, Avrupa 2020'de tanımlanan bu tür engellerle sağlık ve refahı teşvik edebilir. GABLE, CP'li insanların canlı uyumunu artırmak için oyunları kişiselleştirmek için son derece yenilikçi bir çevrimiçi hizmet platformudur ve herkesin uygun olduğu bir oyunlaştırma sürecinden kaçınmaktadır. GABLE, (i) Kasım 2014'te sona eren çok başarılı FP7-SME-2012 ""KOBİ'ler için Araştırma"" projesinin (GA 315032) faz sonuçlarını (ii) RAGE projesinin sonuçlarını ve (iii) sabit ve mobil cihazları birleştiren çok oyunculu bir yaklaşımla makine öğreniminden elde edilen teknolojileri birleştiren açık bir platform olacaktır. Bakıcıların ve klinik personelin, benzersiz bilgisayar görüşü ve görüntü işleme teknikleri kullanarak bireyin yeteneklerine göre uyarlanmış etkileşimli oyunları kolayca oluşturmasını (görsel programlama ve özel BT becerileri kullanma) sağlar. Caregivers, her bir kullanıcının ilgi alanlarına, yeteneklerine ve ilerlemesine göre oyunların içerik ve zorluk seviyelerini uyarlayacaktır.Şu andaki TRL6'dan TRL8'e geçiş yapan Araştırma aşamasındaki orijinal ortaklardan beşi, GameAbling platformunu yeni senaryoya uyarlayacak ve 18 ay boyunca 8 farklı referans bakım merkezinde sistem ürününü çalıştırmak / doğrulamak için bir test dönemi pilot denemeleri geliştirecektir. Proje toplam 30 kişiselleştirilmiş oyun üretecek (5 pilot başına). Konsorsiyumun stratejisi, o nişteki başarıya dayalı yeni iş senaryoları geliştirmek için CP'li çocuklar için oyunların düzeltici kullanımına ilişkin iyi sonuçlardan yararlanmaktır; burada daha fazla katılım ve öğrenme oyun pazarları ele alınacaktır. Proje, hizmeti ağırlıklı olarak abonelik bazında ticari olarak dağıtmak için bir İş Planı geliştirecek / onaylayacaktır.",Helsinki-NLP/opus-mt-en-tr,pending,pending,pending,pending,Pending human expert translation review.
891477,validation,business_and_management,5,business_and_management;climatic_changes;ecology;silviculture,"The increasing incidence of extreme events (e.g. fires, insect outbreaks) in combination with ramp and press disturbances such as climate and land-use changes are seriously threatening the persistence of forest services on which human well-being depends. In this context, forest resilience to disturbances has become a paradigm for researchers, practitioners, and policymakers. Whereas many indicators have been proposed in different empirical studies, most of them are based on a static view of ecosystem states and overlook that ecosystem states, in fact, represent dynamic regimes. In contrast, many advanced theoretical approaches remain unexplored in specific forest systems. In this sense, incorporating theoretical resilience concepts into empirical studies poses a key challenge to developing realistic management practices and policies that promote forest resilience to upcoming disturbances. This proposal aims to fill an important scientific gap by applying resilience concepts from theoretical ecology into empirical case studies. The main objective is to contribute to the conservation of forests and prevent their degradation and loss by improving our capability to identify resilient and tipping-point communities, assessing the mechanisms underlying post-disturbance forest dynamics, and supporting forest management and policy through useful information and tools. This project proposes an innovative framework to assess forest resilience to pulse (e.g. insect outbreaks, fire), ramp (climate change) and press (land-use change) disturbances accounting for forest dynamic regimes as reference to compare post-disturbance dynamics. The collaboration with theoretical and quantitative ecologists and researchers in the science-policy-practice interface from some of the most prestigious institutions in the EU will guarantee a strong contribution to the understanding of post-disturbance forest dynamics and the preservation of forest services under changing conditions.","Aşırı olayların (örneğin yangınlar, böcek salgınları) rampa ve iklim ve arazi kullanımı değişiklikleri gibi basın rahatsızlıkları ile birlikte artan insidansı, insan refahının bağlı olduğu orman hizmetlerinin sürekliliğini ciddi şekilde tehdit etmektedir. Bu bağlamda, rahatsızlıklara karşı orman dayanıklılığı araştırmacılar, uygulayıcılar ve politika yapıcılar için bir paradigma haline gelmiştir. Farklı ampirik çalışmalarda birçok gösterge önerilmiş olsa da, çoğu ekosistem devletlerinin statik bir görüşüne dayanmaktadır ve ekosistem devletlerinin aslında dinamik rejimleri temsil ettiğini göz ardı etmektedir. Buna karşılık, birçok ileri teorik yaklaşım belirli orman sistemlerinde keşfedilmemiştir. Bu anlamda, teorik dayanıklılık kavramlarını ampirik çalışmalara dahil etmek, yaklaşan rahatsızlıklara orman dayanıklılığını teşvik eden gerçekçi yönetim uygulamaları ve politikaları geliştirmek için önemli bir zorluk oluşturmaktadır. Bu öneri, teorik ekolojiden ampirik vaka çalışmalarına dayanıklılık kavramları uygulayarak önemli bir bilimsel boşluğu doldurmayı amaçlamaktadır. Temel amaç, ormanların korunmasına katkıda bulunmak ve dirençli ve devrilme noktası topluluklarını tanımlama yeteneğimizi geliştirerek bozulmalarını ve kayıplarını önlemek, çöküntü sonrası orman dinamiklerinin altında yatan mekanizmaları değerlendirmek ve orman yönetimini ve politikasını yararlı bilgi ve araçlarla desteklemektir. Bu proje, orman direncini nabız (örneğin böcek salgınları, yangın), rampa (iklim değişikliği) ve basına (toprak kullanımı değişikliği) göre değerlendirmek için yenilikçi bir çerçeve önermektedir. AB'nin en prestijli kurumlarından bazılarının bilim-politika-pratik arayüzündeki teorik ve nicel ekolojistler ve araştırmacılarla işbirliği, çalkantı sonrası orman dinamiklerinin anlaşılmasına ve değişen koşullar altında orman hizmetlerinin korunmasına güçlü bir katkı sağlayacaktır.",Helsinki-NLP/opus-mt-en-tr,pending,pending,pending,pending,Pending human expert translation review.
680431,validation,business_intelligence,6,business_intelligence;control_systems;innovation_management;operating_systems;optical_sensors,"ReconCell develops a new type of robot workcell, its required process infrastructures and the economic framework for automated robot assembly, especially designed for the needs of SMEs. SMEs would benefit from robotic automation, but often cannot use it due to set-up & maintenance complexity. This requires expert knowledge and time for configuration and programming, which is too costly for them. Robotic automation is, thus, normally economically infeasible for SMEs, especially for small batch sizes. ReconCell develops an easy to (re-)configure and (re-)program workcell, making robot solutions commercially viable even for small batch sizes (~1000 units) by reducing set-up & maintenance effort substantially.Specifically, the ReconCell System is based on a layered concept where we start together with the customer with business modelling the planned product assembly based on the ReconCell System to assess its economic viability and provide decisive Key Performance Indicators (KPIs). On approval, the next layer of the ReconCell System implements assembly with automated testing in simulation. Here we use reconfigurable hardware elements to design the required workcell layout and assembly processes. After verification, product assembly takes place in the real workcell under machine vision-based monitoring and novel force-based control of execution to assure product quality using the KPIs. We demonstrate the capabilities of the layered ReconCell System on three real use cases provided by the SMEs of our consortium and two more use cases, established through an open call. In addition, the consortium has started to establish a network of potential ReconCell users to disseminate information about ReconCell technologies to all actors in the value chain, and to raise awareness about the possibilities of automated robot assembly in SMEs. The final aim is to establish a company that commercializes the workcell and associated technologies developed in the ReconCell project.","ReconCell, özellikle KOBİ'lerin ihtiyaçları için tasarlanmış yeni bir robot iş hücresi, gerekli süreç altyapıları ve otomatik robot montajı için ekonomik çerçeve geliştirir. KOBİ'ler robotik otomasyondan faydalanacak, ancak kurulum ve bakım karmaşıklığı nedeniyle çoğu zaman kullanamayacaklardır. Bu, onlar için çok maliyetli olan yapılandırma ve programlama için uzman bilgisi ve zaman gerektirir. Robotik otomasyon, bu nedenle, özellikle küçük parti boyutları için, KOBİ'ler için normalde ekonomik olarak olanaksızdır. ReconCell, kurulum ve bakım çabalarını önemli ölçüde azaltarak robot çözümlerini küçük parti boyutları (1000 ünite) için bile ticari olarak uygulanabilir hale getirerek kolay (yeniden) yapılandırma ve (yeniden) programlama iş hücresi geliştirir.Özellikle, ReconCell Sistemi, ekonomik canlılığını değerlendirmek ve belirleyici performans sağlamak için ReconCell Sistemine dayanan planlanan ürün montajını modellemek suretiyle müşteri ile birlikte başladığımız katmanlı bir konsepte dayanmaktadır. Onay üzerine, ReconCell Sisteminin bir sonraki katmanı simülasyonda otomatik test ile montaj uygular. Burada gerekli iş hücresi düzenini ve montaj süreçlerini tasarlamak için yeniden yapılandırılabilir donanım elemanları kullanıyoruz. Doğrulamadan sonra, ürün montajı, KPI'ları kullanarak ürün kalitesini sağlamak için makine görüşüne dayalı izleme ve yeni kuvvete dayalı yürütme kontrolü altında gerçek iş hücresinde gerçekleşir. Katlanmış ReconCell Sisteminin, konsorsiyumumuzun KOBİ'leri tarafından sağlanan üç gerçek kullanım vakası ve açık çağrı yoluyla kurulan iki kullanım vakası üzerindeki yeteneklerini gösteriyoruz. Buna ek olarak, konsorsiyum, ReconCell teknolojileri hakkında bilgileri değer zincirindeki tüm aktörlere yaymak ve KOBİ'lerde otomatik robot montajının olanakları hakkında farkındalık yaratmak için potansiyel ReconCell kullanıcılarından oluşan bir ağ kurmaya başladı. Nihai amaç, ReconCell projesinde geliştirilen iş hücresi ve ilişkili teknolojileri ticarileştiren bir şirket kurmaktır.",Helsinki-NLP/opus-mt-en-tr,pending,pending,pending,pending,Pending human expert translation review.
876228,validation,business_models,5,business_models;electric_power_generation;machine_learning;planets;wind_energy,"With renewable industry moving away from fixed tariffs to market-driven pricing, plant owners are under pressure to generate revenue through various market mechanisms. At the same time, they facing various operational inefficiencies leading to lost revenue up to 10-15%.TruePower is an intelligent wind and solar asset management platform that helps renewable plant owners increase their overall revenues through improved operational efficiency and intelligent revenue strategies. TruePower collects and analyses plant raw high-resolution data (at seconds intervals) recognising even minor wind speed or sun irradiation changes allowing to identify granular optimisation opportunities which state-of-the-art tools available today are not able to deliver, working with aggregated data at 10-60 min intervals.In addition, TruePower combines continuous stream of raw asset data at an aggregated wind or solar park level with the meteorological and market data and offers actionable insights on revenue generation strategies, enabled by our proprietary machine-learning algorithms. Such revenue optimisation mechanisms are a necessary attribute of successful growth of the renewables market. In the long run, that means renewable energy can be predictable, profitable and therefore ubiquitous, helping to minimise the impact of CO2 on our planet.We are working on the development of predictive models and aggregation of plants into large portfolios in order to allow for improved dispatching schemes of available power and energy to the power market in the most efficient way. Such ‘simulation box’ module that will enable asset owners to adjust plant power production in real-time depending on the market need. WinJi developed and introduced TruePower to the European market in 2017. Today, we have 17 customers, and over 45 prospects.","Yenilenebilir endüstrinin sabit tarifelerden piyasa odaklı fiyatlandırmaya geçmesiyle, tesis sahipleri çeşitli piyasa mekanizmaları aracılığıyla gelir elde etme baskısı altındadır. Aynı zamanda, %10-15'e varan gelir kaybına yol açan çeşitli operasyonel verimsizliklerle karşı karşıyalar.TruePower, yenilenebilir tesis sahiplerinin gelişmiş operasyonel verimlilik ve akıllı gelir stratejileri ile genel gelirlerini artırmalarına yardımcı olan akıllı bir rüzgar ve güneş varlık yönetimi platformudur. TruePower, bugün mevcut olan son teknoloji araçların sağlayamadığı granülel optimizasyon fırsatlarını belirlemeyi sağlayan küçük rüzgar hızı veya güneş ışınlama değişikliklerini bile tanıyan ham yüksek çözünürlüklü verileri (saniye aralıklarında) toplar ve analiz eder, 10-60 dakika aralıklarla toplu verilerle çalışır. Ayrıca, TruePower, meteorolojik ve güneş parkı verileriyle bir araya getirilmiş bir rüzgar veya güneş parkı seviyesinde sürekli ham varlık veri akışını bir araya getirir ve aksiyon tahminleri ile gelir sağlar. Bu tür gelir optimizasyonu mekanizmaları, yenilenebilir pazarın başarılı büyümesinin gerekli bir özelliğidir. Uzun vadede bu, yenilenebilir enerjinin tahmin edilebilir, karlı ve bu nedenle her yerde olabileceği anlamına gelir, CO2'nin gezegenimiz üzerindeki etkisini en aza indirmeye yardımcı olur. Mevcut güç ve enerjinin mevcut enerji ve enerji şemalarının en verimli şekilde enerji piyasasına daha iyi gönderilmesini sağlamak için tahminci modellerin geliştirilmesi ve bitkilerin büyük portföylere toplanması üzerinde çalışıyoruz. Varlık sahiplerinin piyasa ihtiyacına bağlı olarak gerçek zamanlı olarak tesis enerji üretimini ayarlamalarını sağlayacak bu tür 'simülasyon kutusu' modülü. WinJi, 2017 yılında TruePower'ı Avrupa pazarına geliştirdi ve tanıttı. Bugün 17 müşterimiz ve 45'ten fazla müşterimiz var.",Helsinki-NLP/opus-mt-en-tr,pending,pending,pending,pending,Pending human expert translation review.
836255,validation,carbohydrates,5,carbohydrates;cereals;fermentation;microbiology;nutrition,"The European bakery industry is a stable, high-volume market with ca. 1,000 industrial bakeries in Europe and thousands of artisan bakeries (e.g. 13,700 in Germany) supplying consumers with roughly 39 million tons of bread yearly. Nearly every European bakery had its own designated yeast strain cultivated in the beginning of the 19th century resulting in a broad variety of aroma and taste. Today, besides sourdough all wheat bread is prepared without exception with S. cerevisiae as leavening agent leading to a market volume of €3.8 billion concentrated on a single yeast species. While the wine and beer industry take advantage of the innumerable yeast species commercially available, the baking sector is still sleeping on the opportunity to re-evaluate our most consumed food with variety. As a solution, our company OPTIFERM has successfully developed Vinarom®, an organic, bio-certified leavening agent based on Torulaspora delbrueckii. Vinarom® as high performing and reliable yeast blend, is cultivated with side-streams of the food industry enabling us to be independent of the price fluctuations of the conventional substrate molasses. Our in-house developed toolbox for the precise assembly and cultivation of yeast blends will introduce region specific Vinarom® varieties resurrecting past flavour sensations in bread and promote lost taste diversity. Vinarom® will generate high revenues in the targeted markets of bio-certified, organic bakeries with a targeted market share of 7% within 7 years after the end of the project. This ambitious target is reachable by forming a European network of regional producers and customers, using suitable models of Joint Ventures and/or licensing agreements. The production costs have been estimated with 1.20 €/ kg in the first three years and with rising production the costs will be reduced to ca 0.92 €/kg. The sales price will be in the range of 1.60 €/kg (ca. 40 profit range). 10% of the annual turnover will be reinvested in our R&D.","Avrupa fırın endüstrisi, ca ile istikrarlı, yüksek hacimli bir pazardır. Avrupa'daki 1000 sanayi fırını ve binlerce esnaf fırını (örneğin Almanya'da 13.700) tüketicilere yılda yaklaşık 39 milyon ton ekmek tedarik ediyor. Hemen hemen her Avrupa fırınının 19. yüzyılın başında yetiştirilen kendi belirlenmiş maya suşu vardı ve bu da çok çeşitli aroma ve tat ile sonuçlandı. Bugün, ekşi mayanın yanı sıra, tüm buğday ekmeği, tek bir maya türü üzerinde yoğunlaşan 3.8 milyar  pazar hacmine yol açan mayalama maddesi olarak S. cerevisiae istisnasız hazırlanır. Şarap ve bira endüstrisi ticari olarak mevcut sayısız maya türünden yararlanırken, pişirme sektörü hala en çok tüketilen gıdalarımızı çeşitlilikle yeniden değerlendirme fırsatından yararlanıyor. Çözüm olarak, OPTIFERM şirketi, Torulaspora delbrueckii'ye dayanan organik, biyo sertifikalı bir mayalama ajanı olan Vinarom'yi başarıyla geliştirmiştir. Vinarom, yüksek performanslı ve güvenilir maya karışımı olarak, geleneksel substrat pekmezlerinin fiyat dalgalanmalarından bağımsız olmamızı sağlayan gıda endüstrisinin yan akışlarıyla yetiştirilmektedir. Maya karışımlarının hassas montajı ve ekimi için kurum içi geliştirilen araç kutumuz, bölgeye özgü Vinarom çeşitlerini ekmekteki geçmiş tat duyumlarını diriltecek ve kaybedilen tat çeşitliliğini teşvik edecektir. Vinarom, projenin bitiminden sonraki 7 yıl içinde %7'lik bir hedef pazar payına sahip biyo sertifikalı, organik fırınların hedeflenen pazarlarında yüksek gelir elde edecek. Bu iddialı hedefe, uygun Ortak Girişim modelleri ve/veya lisans anlaşmaları kullanılarak, bölgesel üreticiler ve müşterilerden oluşan bir Avrupa ağı oluşturularak ulaşılabilir. Üretim maliyetleri ilk üç yılda 1,20  / kg olarak tahmin edildi ve artan üretimle maliyetler 0,92  / kg'a düşürülecek. Satış fiyatı 1.60  / kg aralığında olacak (ca. 40 kar aralığı). Yıllık cironun %10'u Ar-Ge'mize yeniden yatırılacak.",Helsinki-NLP/opus-mt-en-tr,pending,pending,pending,pending,Pending human expert translation review.
727503,validation,carbon_capture_engineering,5,carbon_capture_engineering;crisis_management;natural_gas;simulation_software;thermodynamics,"ROLINCAP will search, identify and test novel phase-change solvents, including aqueous and non-aqueous options, as well as phase-change packed bed and Rotating Packed Bed processes for post-combustion CO2 capture. These are high-potential technologies, still in their infancy, with initial evidence pointing to regeneration energy requirements below 2.0 GJ/ton CO2 and considerable reduction of the equipment size, several times compared to conventional processes . These goals will be approached through a holistic decision making framework consisting of methods for modeling and design that have the potential for real breakthroughs in CO2 capture research. The tools proposed in ROLINCAP will cover a vast space of solvent and process options going far beyond the capabilities of existing simulators. ROLINCAP follows a radically new path by proposing one predictive modelling framework, in the form of the SAFT-γ equation of state, for both physical and chemical equilibrium, for a wide range of phase behaviours and of molecular structures. The envisaged thermodynamic model will be used in optimization-based Computer-aided Molecular Design of phase-change solvents in order to identify options beyond the very few previously identified phase-change solvents. Advanced process design approaches will be used for the development of highly intensified Rotating Packed Bed processes. Phase-change solvents will be considered with respect to their economic and operability RPB process characteristics. The sustainability of both the new solvents and the packed-bed and RPB processes will be investigated considering holistic Life Cycle Assessment analysis and Safety Health and Environmental Hazard assessment. Selected phase-change solvents, new RPB column concepts and packing materials will be tested at TRL 4 and 5 pilot plants. Software in the form of a new SAFT-γ equation of state will be tested at TRL 5 in the gPROMS process simulator.","ROLINCAP, sulu ve sulu olmayan seçeneklerin yanı sıra, yanma sonrası CO2 yakalama için faz değişimi dolu yatak ve Döner Paketli Yatak süreçleri de dahil olmak üzere yeni faz değişim çözücülerini arayacak, tanımlayacak ve test edecektir. Bunlar hala bebeklik döneminde olan yüksek potansiyelli teknolojilerdir, ilk kanıtlar 2.0 GJ / ton CO2'nin altında rejenerasyon enerji gereksinimlerine ve geleneksel süreçlere kıyasla birkaç kez ekipman boyutunun önemli ölçüde azaltılmasına işaret etmektedir. Bu hedeflere, CO2 yakalama araştırmalarında gerçek atılımlar potansiyeli olan modelleme ve tasarım yöntemlerinden oluşan bütünsel bir karar verme çerçevesi ile yaklaşılacaktır. ROLINCAP'ta önerilen araçlar, mevcut simülatörlerin yeteneklerinin çok ötesine geçen geniş bir çözücü ve işlem seçeneklerini kapsayacaktır. ROLINCAP, hem fiziksel hem de kimyasal denge için, çok çeşitli faz davranışları ve moleküler yapılar için SAFT- denklemi biçiminde, bir öngörücü modelleme çerçevesi önererek radikal olarak yeni bir yol izler. Öngörülen termodinamik model, daha önce tanımlanmış çok az sayıda faz değişim çözücünün ötesindeki seçenekleri tanımlamak için, faz değişim çözücülerinin optimizasyona dayalı Bilgisayar destekli Moleküler Tasarımında kullanılacaktır. Gelişmiş süreç tasarım yaklaşımları, son derece yoğunlaştırılmış Dönen Paketli Yatak süreçlerinin geliştirilmesi için kullanılacaktır. Faz değişim çözücüleri, ekonomik ve işlevsel RPB süreç özelliklerine göre dikkate alınacaktır. Hem yeni çözücülerin hem de paketlenmiş yatak ve RPB süreçlerinin sürdürülebilirliği, bütünsel Yaşam Döngüsü Değerlendirmesi analizi ve Güvenlik Sağlığı ve Çevresel Tehlike değerlendirmesi dikkate alınarak araştırılacaktır. Seçilen faz değişim çözücüleri, yeni RPB sütun konseptleri ve ambalaj malzemeleri TRL 4 ve 5 pilot tesislerinde test edilecektir. Yeni bir SAFT- denklemi biçimindeki yazılımlar, gPROMS süreç simülatöründe TRL 5'te test edilecektir.",Helsinki-NLP/opus-mt-en-tr,pending,pending,pending,pending,Pending human expert translation review.
766082,validation,cardiac_arrhythmia,5,cardiac_arrhythmia;mortality;neurobiology;pathology;signal_processing,"MY-ATRIA brings together universities, companies and hospitals from 5 European countries (Italy, Spain, Sweden, Netherlands and Germany). The main scope of MY-ATRIA is to establish a multidisciplinary network able to develop research and training “without walls” among academic, industrial and clinical entities in the area of cardiac, atrial disease. The composite nature of the MY_ATRIA network will ensure a highly qualified training and research infrastructure, which meets the needs of academic research, industrial exploitation and clinical end-users. MY_ATRIA will generate a new profile of Researcher with an intersectoral expertise able to fill the existing gap between basic research and clinical/businessoriented solutions. The training and research activities of MY-ATRIA are designed to pursue innovation in three domains: i) Educational concepts: MY_ATRIA will implement a new, intersectoral paradigm of PhD training to shape a modern professional Researcher with cross-competencies and able to accelerate the transfer of advances in basic science to market and clinics. ii) Basic science: MY_ATRIA will gain new knowledge about atrial functioning, atrial arrhythmias development and response to treatment, using multi-sectoral, model based integrative approach to explore the complex processes of electrical, contractile, and structural remodeling of the atrial myocardium. iii) Technology solutions: MY_ATRIA will develop new methodologies and technologies for the early detection of atrial arrhythmias, its monitoring, progression and risk stratification as well as for a better patient treatment.","MY-ATRIA, 5 Avrupa ülkesinden (İtalya, İspanya, İsveç, Hollanda ve Almanya) üniversiteleri, şirketleri ve hastaneleri bir araya getirmektedir. MY-ATRIA'nın ana kapsamı, kalp, atriyal hastalık alanında akademik, endüstriyel ve klinik kuruluşlar arasında ""duvarsız"" araştırma ve eğitim geliştirebilen multidisipliner bir ağ kurmaktır. MY_ATRIA ağının kompozit yapısı, akademik araştırma, endüstriyel sömürü ve klinik son kullanıcıların ihtiyaçlarını karşılayan yüksek nitelikli bir eğitim ve araştırma altyapısı sağlayacaktır. MY_ATRIA, temel araştırma ve klinik/iş odaklı çözümler arasındaki mevcut boşluğu doldurabilecek kesişen bir uzmanlığa sahip yeni bir Araştırmacı profili oluşturacaktır. MY-ATRIA'nın eğitim ve araştırma faaliyetleri üç alanda yeniliği takip etmek üzere tasarlanmıştır: i) Eğitimsel kavramlar: MY_ATRIA, modern bir profesyonel Araştırmacıyı çapraz rekabetle şekillendirmek için doktora eğitiminin yeni, kesişen bir risk paradigmasını uygulayacak ve temel bilimdeki ilerlemelerin pazar ve kliniklere aktarılmasını hızlandıracaktır. ii) Temel bilim: MY_ATRIA, atriyal işleyiş, atriyal aritmi ve gelişim ile ilgili yeni bilgiler kazanacak.",Helsinki-NLP/opus-mt-en-tr,pending,pending,pending,pending,Pending human expert translation review.
679242,validation,cardiology,6,cardiology;epidemiology;pathophysiology;personalized_medicine;proteomics,"Heart failure is a leading cause of morbidity and mortality in the aging European populations. It is the end-stage of myocardial and valvular disease, arising from loss of viable or functional muscle cells in the heart. Therapy is complicated by the multitude of causes and comorbidities of heart failure. New therapeutic targets and clinical biomarkers to individually tailor therapy (‘precision medicine’) are greatly needed. This research program aims to realize the promise of precision medicine by applying an integrated proteomic, genomic and epidemiological approach to the underlying causes, mechanisms and consequences for heart failure. The program builds on unique Swedish nation-wide disease registers and large biobanks, the translational research profile of the investigator and experience in genomics, epidemiology and proteomics. The program includes five work packages: (1) comprehensive plasma protein profiling through a discovery pipeline including novel microarray-based methods and mass spectrometry in a population-based cohort of 6000 subjects and clinical cases to identify subjects at risk for heart disease (2) assessment of heritable components to outcomes in heart disease using nation-wide Swedish registers (3) genome-wide discovery of variants associated with risk of and outcomes in heart disease as well as endophenotypes for cardiac structure and function, using resequencing and DNA microarrays in large population-based cohorts including >70,000 subjects from three generations (4) expression profiling in human heart samples and a novel human cardiomyocyte strain assay to translate genomic and proteomic findings to understanding of pathophysiological mechanisms (5) evaluate the clinical importance of plasma proteins and genetic variants in >3000 clinical cases. This research program is anticipated to result in new insights into the pathophysiology of heart failure and discovery of drug targets and clinical biomarkers.","Kalp yetmezliği, yaşlanan Avrupa popülasyonlarında morbidite ve mortalitenin önde gelen bir nedenidir. Kalpteki canlı veya fonksiyonel kas hücrelerinin kaybından kaynaklanan miyokard ve valvüler hastalığın son aşamasıdır. Terapi, kalp yetmezliğinin nedenlerinin ve komorbiditelerinin çokluğu ile karmaşıktır. Bireysel terzi tedavisine ('hassas tıp') yeni terapötik hedefler ve klinik biyobelirteçler büyük ölçüde gereklidir. Bu araştırma programı, kalp yetmezliği için altta yatan nedenlere, mekanizmalara ve sonuçlara entegre bir proteomik, genomik ve epidemiyolojik yaklaşım uygulayarak hassas tıp vaadini gerçekleştirmeyi amaçlamaktadır. Program, benzersiz İsveç ülke çapında hastalık kayıtlarına ve büyük biyobankalara, araştırmacının çeviri araştırma profiline ve genomik, epidemiyoloji ve proteomik alanındaki deneyime dayanmaktadır. Program, beş çalışma paketini içerir: (1) yeni mikroarray tabanlı yöntemler ve 6000 denek ve klinik olgudan oluşan popülasyon temelli bir kohorttaki kütle spektrometrisi dahil olmak üzere bir keşif boru hattı aracılığıyla kapsamlı plazma protein profillemesi, kalp hastalığı için risk altındaki denekleri tanımlamak için (5) kalıtımsal bileşenlerin değerlendirilmesini, ulus çapında İsveç kayıtlarını kullanarak kalıtımsal bileşenlerin değerlendirilmesini, (3) kalp hastalıklarında risk ve sonuçlarla ilişkili varyantların genom çapında keşfedilmesini, kalp yapısı ve fonksiyonu için endofenotipleri, Bu araştırma programının, kalp yetmezliğinin patofizyolojisi ve ilaç hedeflerinin ve klinik biyobelirteçlerin keşfi hakkında yeni bilgilerle sonuçlanması beklenmektedir.",Helsinki-NLP/opus-mt-en-tr,pending,pending,pending,pending,Pending human expert translation review.
673072,validation,cardiovascular_diseases,4,cardiovascular_diseases;laboratory_samples_analysis;mass_spectrometry;stroke;surgical_procedures,"“PANOSTICS” comprises the validation and clinical implementation of a versatile and cost effective diagnostic blood test for the detection of primary aldosteronism (PA) among hypertensive patients. The Aldosterone-to-Angiotensin II-Ratio (AA2-Ratio) is a mass spectrometry based diagnostic biomarker for PA. We are planning to sell this diagnostic blood test to clinical institutions in a fee-for-service business model. Our vision is to build up a European network of qualified fee-for-service laboratories focused on hypertension-associated biomarkers. The market entry for the AA2-Ratio is planned via a subsidiary laboratory in Germany. Full commercialization of the AA2-Ratio shall be achieved by implementation into standard clinical practice for the classification and treatment of resistant hypertension. Hypertension has been clearly shown to be the most important cause of morbidity and mortality worldwide, representing a severe challenge for future healthcare systems. Up to 11,9 million people in Europe are referred to be resistant hypertensive, meaning that they cannot be cured by standard treatments. PA is a certain form of resistant hypertension that can be easily cured by appropriate second-line drug treatments or surgical procedures, if detected. Recommendations by clinical societies suggest extensive screening efforts to facilitate an early detection of PA among resistant hypertensive patients. However, actual clinical practice in Europe does not follow these guidelines due to the lack of appropriate and cost effective screening procedures. If PA remains undiagnosed, it caused severe hypertension frequently resulting in cardiovascular complications including heart attacks and strokes.The AA2-Ratio is a diagnostic biomarker for PA, that is superior to state-of-the-art assays and allows for a highly specific and cost effective diagnosis of PA among hypertensive patients.","""PANOSTICS"", hipertansif hastalar arasında primer aldosteronizm (PA) tespiti için çok yönlü ve uygun maliyetli bir tanı kan testinin onaylanmasını ve klinik uygulanmasını içerir. Aldosterone-to-Angiotensin II-Ratio (AA2-Ratio), PA için kütle spektrometrisi tabanlı tanısal biyobelirteçtir. Bu tanısal kan testini klinik kurumlara hizmet için ücret karşılığı bir iş modelinde satmayı planlıyoruz. Vizyonumuz, hipertansiyonla ilişkili biyobelirteçlere odaklanan, hizmet için nitelikli bir Avrupa ağı oluşturmaktır. AA2-Ratio için pazar girişi, Almanya'daki bir yan laboratuvar aracılığıyla planlanmaktadır. AA2-Ratio'nun tam ticarileştirilmesi, dirençli hipertansiyonun sınıflandırılması ve tedavisi için standart klinik uygulamaya uygulanmasıyla sağlanacaktır. Hipertansiyonun dünya çapında morbidite ve mortalitenin en önemli nedeni olduğu, gelecekteki sağlık sistemleri için ciddi bir zorluğu temsil ettiği açıkça gösterilmiştir. Avrupa'da 11,9 milyona kadar insan dirençli hipertansif olarak adlandırılır, yani standart tedavilerle tedavi edilemezler. PA, tespit edilirse uygun ikinci basamak ilaç tedavileri veya cerrahi prosedürlerle kolayca tedavi edilebilen belirli bir dirençli hipertansiyon türüdür. Klinik toplumların önerileri, dirençli hipertansif hastalar arasında PA'nın erken tespitini kolaylaştırmak için kapsamlı tarama çabalarını önermektedir. Bununla birlikte, Avrupa'daki gerçek klinik uygulama, uygun ve uygun maliyetli tarama prosedürlerinin bulunmaması nedeniyle bu kılavuzlara uymamaktadır. PA teşhissiz kalırsa, kalp krizi ve felçler de dahil olmak üzere kardiyovasküler komplikasyonlara neden olan şiddetli hipertansiyona neden olur.AA2-Ratio, PA için tanısal bir biyobelirteçtir, bu son teknoloji testlerinden üstündür ve hipertansif hastalar arasında PA'nın son derece spesifik ve uygun maliyetli bir teşhisine izin verir.",Helsinki-NLP/opus-mt-en-tr,pending,pending,pending,pending,Pending human expert translation review.
887412,validation,catalysis,5,catalysis;fermentation;nano_materials;pharmaceutical_drugs;proteins,"Pharmaceuticals for cancer therapies and other diseases are very since the production of therapeutic molecules such as antibodies is costly and every production process needs to be developed individually. Especially purification processes, which make up to 80-90% of the whole production, need to be improved or new ideas need to be developed. Short peptide sequences, so called “tags”, can be used to create new purification strategies based on the biomolecule recognition of these sequences. Magnetic iron oxide nanoparticles are an interesting counterpart for peptide tags as their properties facilitate an easy handling and manipulation. The key to the design of high-affinity peptide tags lies in an in-depth understanding of surface-peptide recognition patterns. I developed such a magnetite-binding peptide tag which allows the purification of tagged model proteins from fermentation broths by changing the surrounding media. However, such pH and buffer switches might also alter the properties of pharmaceutically relevant proteins such as antibodies. The challenge of this project is to establish a novel elution process based on an electrical potential switch instead of a pH switch. The process contains the magnetic separation of proteins containing the peptide tags and the elution of proteins based on the change of tag-particle interactions with electric fields. The use of this system will help to understand the binding of proteins to iron oxide nanoparticles and the formation of an electrochemical double layer in external fields. The electrical double layer formation is not only interesting in biotechnological processes but for the understanding of electrochemical catalysis and energy storage. This idea might pave the way to completely new approaches in biomolecule recognition, protein detection and purification.","Kanser tedavileri ve diğer hastalıklar için ilaçlar, antikorlar gibi terapötik moleküllerin üretilmesinin maliyetli olması ve her üretim sürecinin bireysel olarak geliştirilmesi gerektiğinden çok önemlidir. Özellikle tüm üretimin %80-90'ını oluşturan arıtma süreçlerinin geliştirilmesi ya da yeni fikirlerin geliştirilmesi gerekmektedir. ""Etiketler"" olarak adlandırılan kısa peptid dizileri, bu dizilerin biyomolekül tanımasına dayanan yeni arıtma stratejileri oluşturmak için kullanılabilir. Manyetik demir oksit nanopartikülleri, özellikleri kolay kullanım ve manipülasyonu kolaylaştırdığı için peptid etiketleri için ilginç bir muadildir. Yüksek afinite peptid etiketlerinin tasarımının anahtarı, yüzey-peptid tanıma kalıplarının derinlemesine anlaşılmasında yatmaktadır. Çevredeki medyayı değiştirerek fermantasyon et suyundan etiketli model proteinlerin saflaştırılmasını sağlayan böyle bir manyetit bağlayıcı peptid etiketi geliştirdim. Bununla birlikte, bu tür pH ve tampon anahtarları, antikorlar gibi farmasötik olarak ilgili proteinlerin özelliklerini de değiştirebilir. Bu projenin zorluğu, pH anahtarı yerine bir elektrik potansiyel anahtarına dayanan yeni bir evrim süreci kurmaktır. İşlem, peptit etiketlerini içeren proteinlerin manyetik ayrılmasını ve elektrik alanlarıyla etiket-parçacık etkileşimlerinin değişimine dayanan proteinlerin çözünmesini içerir. Bu sistemin kullanımı, proteinlerin demir oksit nanopartiküllerine bağlanmasını ve dış alanlarda bir elektrokimyasal çift tabaka oluşumunu anlamaya yardımcı olacaktır. Elektrik çift katmanlı oluşumu sadece biyoteknolojik süreçlerde değil, elektrokimyasal kataliz ve enerji depolama anlayışı için de ilginçtir. Bu fikir, biyomolekül tanıma, protein tespiti ve saflaştırmada tamamen yeni yaklaşımların önünü açabilir.",Helsinki-NLP/opus-mt-en-tr,pending,pending,pending,pending,Pending human expert translation review.
661149,validation,cell_biology,6,cell_biology;climatic_changes;enzymes;fruit_growing;homeostasis,"Phenotypic plasticity, the ability of a genotype to express distinct phenotypes in different environments, is assumed to facilitate individuals coping with new or rapidly changing environments. In the context of climate change, the phenotypic response to temperature has received particular attention since thermal plasticity is affecting the survival of populations and species distribution. Although temperature is an important variable that affects many traits, including gene expression, the genetic basis of phenotypic plasticity evolution remains poorly explored. This project aims at understanding what determines thermal reaction norms, i.e. how gene expression changes with temperature. Preliminary work in the host laboratory suggests that these reaction norms are modified during adaptation of Drosophila melanogaster populations evolving in a new fluctuating thermal environment. Yet, it is unclear whether these changes are the result of selection on phenotypic plasticity or if they are driven by direct selection on the trait value in the novel environments, as both effects are confounded. To detect adaptive change in phenotypic plasticity, we will use a reverse evolution experiment in which D. simulans populations first evolved in one of two different fluctuating thermal environments (hot and cold) and after one year were shifted to the other environment. We will analyse the gene expression profile of these populations at three successive time points during their evolution over a wide range of temperatures (from 15°C to 27°C). By changing the environment in the opposite direction, we will be able to distinguish between selection on plasticity and selection on the trait value, since the latter will not revert plasticity towards the initial state. Hence, we will distinguish adaptive and non-adaptive components of thermal plasticity of gene expression, and identify genetic pathways under selection for phenotypic plasticity.","Fenotipik plastisite, bir genotipin farklı ortamlarda farklı fenotipleri ifade etme kabiliyeti, bireylerin yeni veya hızla değişen ortamlarla başa çıkmasını kolaylaştırdığı varsayılmaktadır. İklim değişikliği bağlamında, sıcaklığa fenotipik tepki, termal plastisite popülasyonların ve tür dağılımının hayatta kalmasını etkilediğinden özellikle dikkat çekmiştir. Sıcaklık, gen ifadesi de dahil olmak üzere birçok özelliği etkileyen önemli bir değişken olmasına rağmen, fenotipik plastisite evriminin genetik temeli zayıf bir şekilde araştırılmaktadır. Bu proje, termal reaksiyon normlarını neyin belirlediğini, yani gen ifadesinin sıcaklıkla nasıl değiştiğini anlamayı amaçlamaktadır. Ev sahibi laboratuvarda yapılan ön çalışmalar, bu reaksiyon normlarının yeni dalgalanan termal ortamda gelişen Drosophila melanogaster popülasyonlarının adaptasyonu sırasında değiştirildiğini göstermektedir. Yine de, bu değişikliklerin fenotipik plastisite üzerindeki seçilimin sonucu olup olmadığı veya her iki etki de karıştırıldığından, yeni ortamlardaki özellik değeri üzerinde doğrudan seçilim tarafından yönlendirilip yönlendirilmediği belirsizdir. Fenotipik plastisitedeki adaptif değişimi tespit etmek için, D. simulans popülasyonlarının ilk olarak iki farklı dalgalı termal ortamdan (sıcak ve soğuk) birinde geliştiği ve bir yıl sonra diğer ortama kaydırıldığı ters bir evrim deneyi kullanacağız. Bu popülasyonların gen ekspresyon profilini, geniş bir sıcaklık aralığında (15  C'den 27  C'ye kadar) evrimleri sırasında üç ardışık zaman noktasında analiz edeceğiz. Çevreyi ters yönde değiştirerek, plastisite üzerindeki seçim ile özellik değeri üzerindeki seçim arasında ayrım yapabiliriz, çünkü ikincisi ilk duruma doğru plastisiteyi geri döndürmeyecektir. Bu nedenle, gen ekspresyonunun termal plastisitesinin adaptif ve adaptif olmayan bileşenlerini ayıracağız ve fenotipik plastisite için seçilim altındaki genetik yolları belirleyeceğiz.",Helsinki-NLP/opus-mt-en-tr,pending,pending,pending,pending,Pending human expert translation review.
634893,validation,cell_signaling,5,cell_signaling;drug_discovery;hiv;implants;pharmaceutical_drugs,"Hearing loss is a chronic non-communicable disease disabling over 328 million adults, and 32 million children worldwide. Sensorineural hearing loss due to loss of auditory hair cells was long thought to be irreversible. However, recent animal studies have demonstrated that pharmacological inhibition of cell signalling via Notch receptors using gamma-secretase inhibitors (GSIs) can regenerate hair cells and partially restore hearing capacity. This novel therapeutic concept provides the first promising lead for actual treatment of hearing loss. Clinical validation of these findings is the next crucial stepping stone in the development of a regenerative therapy for hearing loss. The ambition of REGAIN is to repurpose a GSI molecule for this indication by shifting from systemic to local treatment.The objective of the REGAIN project is to demonstrate and exploit the efficacy of locally administered GSIs to improve hearing through regeneration of inner ear hair cells with a lasting effect. The project will involve 1) the upscaling of GMP production of the clinical GSI candidate, 2) the generation of preclinical data on GSI dosing and local safety, 3) medical ethical clinical trial approval and 4) the demonstration of proof of concept for GSI for treatment of patients with recent onset sensorineural hearing loss. Small molecule drugs targeting the underlying biological causes of hearing loss in a safe way are expected to meet a real medical need for millions of patients, who currently rely on the limited benefits provided by hearing aids or cochlear implants. The partners involved in REGAIN represent the current state of the art in regenerative hearing loss research in the EU. REGAIN will break through that current state of the art, and will advance the first highly promising pharmaceutical treatment of hearing loss through clinical testing.","İşitme kaybı, 328 milyondan fazla yetişkini ve dünya çapında 32 milyon çocuğu engelleyen kronik bulaşıcı olmayan bir hastalıktır. İşitsel saç hücrelerinin kaybından kaynaklanan sensorinöral işitme kaybının uzun zamandır geri döndürülemez olduğu düşünülüyordu. Bununla birlikte, son hayvan çalışmaları, gama-sekretaz inhibitörleri (GSI) kullanan Notch reseptörleri aracılığıyla hücre sinyallemesinin farmakolojik inhibisyonunun saç hücrelerini yenileyebileceğini ve işitme kapasitesini kısmen geri kazandırabileceğini göstermiştir. Bu yeni terapötik kavram, işitme kaybının gerçek tedavisi için umut verici ilk ipucunu sağlar. Bu bulguların klinik olarak doğrulanması, işitme kaybı için rejeneratif bir tedavinin geliştirilmesinde bir sonraki önemli basamaktır. REGAIN'in amacı, sistemikten lokal tedaviye geçerek bu endikasyon için bir GSI molekülünü yeniden tasarlamaktır. REGAIN projesinin amacı, kalıcı bir etki ile iç kulak saç hücrelerinin yenilenmesi yoluyla işitmeyi iyileştirmek için yerel olarak uygulanan GSI'ların etkinliğini göstermek ve kullanmaktır. Proje, 1) klinik GSI adayının GMP üretiminin artırılmasını, 2) GSI dozlama ve yerel güvenlik ile ilgili preklinik verilerin üretilmesini, 3) tıbbi etik klinik deneme onayını ve 4) GSI için son başlangıçlı sensorinöral işitme kaybı olan hastaların tedavisi için konsept kanıtının gösterilmesini içerecektir. İşitme kaybının altında yatan biyolojik nedenleri güvenli bir şekilde hedefleyen küçük molekül ilaçlarının, şu anda işitme cihazları veya koklear implantlar tarafından sağlanan sınırlı faydalara güvenen milyonlarca hasta için gerçek bir tıbbi ihtiyacı karşılaması beklenmektedir. REGAIN'de yer alan ortaklar, AB'de rejeneratif işitme kaybı araştırmalarında sanatın mevcut durumunu temsil etmektedir. REGAIN, sanatın mevcut durumunu kıracak ve klinik testler yoluyla işitme kaybının ilk oldukça umut verici farmasötik tedavisini ilerletecektir.",Helsinki-NLP/opus-mt-en-tr,pending,pending,pending,pending,Pending human expert translation review.
799408,validation,cells_technologies,6,cells_technologies;photons;photovoltaic;quasiparticles;spectroscopy,"In the quest for solar cell technologies, organic photovoltaics (OPVs) are playing a leading role as a potentially cost-effective and clean solution. Thus, much research has been devoted into increasing power conversion efficiencies (PCE), currently ~10% by optimising material properties at the different steps involved in the conversion of light into charge. There is evidence that charge delocalization and hot charge transfer (CT) states facilitate charge separation at the electron donor/acceptor interface. State-of-the-art OPVs already exhibit very high (>90%) internal quantum efficiencies (IQE). However, PCE relies not only on high IQE but also on minimizing energy loses (e.g. exciton relaxation) and avoiding charge recombination. A possible strategy to increase PCE is to find ways to optimise charge separation that allow simultaneously for high quantum efficiencies and architectures with longer exciton diffusion lengths or lower charge recombination rates. In QuESt we will investigate how to enhance OPV functionality by the emerging approach of modifying material properties through the hybridization of matter and photon states under strong light matter coupling. In particular, the aim of this project is to modify charge separation and eventually PCE in OPVs by engineering strong coupling between IR molecular vibrations and an optical cavity mode. We will develop a theoretical framework to describe the energy structure and charge dynamics in OPVs under strong vibrational coupling that will be benchmarked with non-linear spectroscopy experiments.","Güneş pili teknolojileri arayışında, organik fotovoltaikler (OPV'ler) potansiyel olarak uygun maliyetli ve temiz bir çözüm olarak önde gelen bir rol oynamaktadır. Bu nedenle, ışığın şarja dönüştürülmesinde yer alan farklı adımlarda malzeme özelliklerini optimize ederek şu anda % 10 oranında güç dönüşüm verimliliği (PCE) artırmaya yönelik çok sayıda araştırma yapılmıştır. Yük delokalizasyonu ve sıcak yük transferi (CT) durumlarının elektron verici/alıcı arayüzünde yük ayrımını kolaylaştırdığına dair kanıtlar vardır. Son teknoloji OPV'ler zaten çok yüksek (>%90) iç kuantum verimlilikleri (IQE) sergilerler. Bununla birlikte, PCE sadece yüksek IQE'ye değil, aynı zamanda enerji kayıplarını (örneğin eksiton gevşemesi) en aza indirmeye ve şarj rekombinasyonundan kaçınmaya da dayanır. PCE'yi artırmak için olası bir strateji, yüksek kuantum verimliliğine ve daha uzun eksiton difüzyon uzunluklarına veya daha düşük yük rekombinasyon oranlarına sahip mimarilere eş zamanlı olarak izin veren yük ayrımını optimize etmenin yollarını bulmaktır. Quest'te, güçlü ışık maddesi bağlantısı altında madde ve foton durumlarının melezlenmesi yoluyla malzeme özelliklerinin değiştirilmesinin ortaya çıkan yaklaşımı ile OPV işlevselliğinin nasıl geliştirileceğini araştıracağız. Özellikle, bu projenin amacı, IR moleküler titreşimler ve optik boşluk modu arasındaki güçlü bağlantıyı mühendislik yaparak OPV'lerde yük ayırma ve sonunda PCE'yi değiştirmektir. OPV'lerdeki enerji yapısını ve yük dinamiklerini, doğrusal olmayan spektroskopi deneyleri ile karşılaştırılacak güçlü titreşimsel bağlantı altında tanımlamak için teorik bir çerçeve geliştireceğiz.",Helsinki-NLP/opus-mt-en-tr,pending,pending,pending,pending,Pending human expert translation review.
728725,validation,ceramics,4,ceramics;pollution;subtractive_manufacturing;sustainable_economy;water_management,"Water is used in almost all ceramic processes. The production cycle of porcelain stoneware in particular, as all wet production cycles, uses large quantities of water and generates considerable quantities of sludge. Currently, a line that processes 1.000.000 sq/m of tiles per year requires approximately 113.000.000 litres of water and generates sludge that contains more than 600 tons of abraded dust. It is estimated that the European ceramics industry, to produce approximately 1.300 million sqm of tiles, consumes more than 30.000 million cube meters of water, compared to the 8 million used by a city of approximately 300,000 inhabitants. In addition, the market demand in ceramic sector requires more and more products to have high intrinsic technical characteristics (reduced absorption, high surface hardness, abrasion resistance) that are typical of porcelain stoneware. These features are obtained through mechanical finishing treatment (polishing and lapping) of fired tiles. Unfortunately, there is a negative side to machining surfaces after firing: it implies the use of a considerable amount of water and generates and equally large amount of sludge. This generates waste, which in addition to material removed, also contains process water.The objective of the overall DRYLAP innovation project is to validate and launch on the market an innovative industrial process for the ceramic industries, that will allow to re virtually zero with respect to traditional production processes, the use of water. The DRYLAP project will focus on the finishing process of ceramic industry and it will aim at validating on the market a totally “dry” lapping machine that can be used to machine porcelain stoneware tiles compact paste ceramic products, that are the most commonly processed products in the European market.","Su hemen hemen tüm seramik işlemlerinde kullanılır. Özellikle porselen taş eşyaların üretim döngüsü, tüm ıslak üretim döngüleri gibi, büyük miktarlarda su kullanır ve önemli miktarda çamur üretir. Şu anda, yılda 1.000.000 metrekare fayans işleyen bir hat yaklaşık 113.000.000 litre su gerektirir ve 600 tondan fazla abrake toz içeren çamur üretir. Yaklaşık 1.300 milyon metrekare karo üretmek için Avrupa seramik endüstrisinin, yaklaşık 300.000 nüfuslu bir şehir tarafından kullanılan 8 milyona kıyasla 30.000 milyon küp metreden fazla su tükettiği tahmin edilmektedir. Buna ek olarak, seramik sektöründeki pazar talebi, porselen taş kaplamaların tipik olan yüksek içsel teknik özelliklere (azaltılmış emilim, yüksek yüzey sertliği, aşınma direnci) sahip olmak için giderek daha fazla ürün gerektirir. Bu özellikler, ateşlenmiş karoların mekanik bitirme işlemi (polisaj ve lapping) ile elde edilir. Ne yazık ki, ateşlemeden sonra işleme yüzeylerinin olumsuz bir tarafı vardır: önemli miktarda su kullanımını ve aynı derecede büyük miktarda çamur ürettiğini ima eder. Bu, çıkarılan malzemeye ek olarak aynı zamanda proses suyu da içeren atıklar üretir. Genel DRYLAP inovasyon projesinin amacı, geleneksel üretim süreçleri, su kullanımı ile ilgili olarak neredeyse sıfıra inmesini sağlayacak seramik endüstrileri için yenilikçi bir endüstriyel süreci doğrulamak ve piyasaya sunmaktır. DRYLAP projesi seramik endüstrisinin bitirme sürecine odaklanacak ve Avrupa pazarında en yaygın olarak işlenen ürünler olan porselen taş döşeme kompakt macun seramik ürünlerini işlemek için kullanılabilecek tamamen ""kuru"" bir lapping makinesinin piyasada doğrulanmasını hedefleyecektir.",Helsinki-NLP/opus-mt-en-tr,pending,pending,pending,pending,Pending human expert translation review.
840491,validation,cereals,5,cereals;entomology;fermentation;fruit_growing;productivity,"The agriculture is under a pressing need for alternatives to insecticides for pest control. The ban of three neonicotinoids used as insecticides was settled in April 2018 by the European Union. At the same time, agricultural productivity needs to rise to provide sufficient nutritious food for a growing population. Moreover, a recent study predicts an increase in global yield losses of rice, maize and wheat by 10-25% per degree of global mean surface warming due to increased population growth and metabolic rates of insects. Pheromones, which are naturally produced by different insect species, represent a health- and environment-friendly alternative to insecticides. Dispensing small amounts of sex pheromones in the fields or orchards confuses males, prevents mating and hence larvae formation. This method is called “mating disruption”. Pheromones are attractive, because they are biodegradable, species-specific compounds, which neither harm beneficial species nor humans. Nevertheless, pheromones are still not widely used, mainly because of the high costs of synthetic pheromones, labor-intensive application of pheromone dispensers, and lack of knowledge on efficacy of pheromone release methods. Therefore, the goal of the project is the sustainable and cost-efficient production of insect pheromones by fermentation in engineered oleaginous yeasts. Moreover, this project will also research into efficacy of different methods for pheromone release. As a consequence, the hurdles for a widespread pheromone usage will be decreased. This would support the development of a long-term sustainable and efficient agricultural sector. Through a wide dissemination and educational campaign, we will raise the awareness of pheromones as pesticide alternatives among farmers, politicians and the general public.","Tarım, haşere kontrolü için böcek öldürücülere alternatifler için acil bir ihtiyaç altındadır. Böcek ilacı olarak kullanılan üç neonikotinoidin yasaklanması, Nisan 2018'de Avrupa Birliği tarafından kararlaştırıldı. Aynı zamanda, tarımsal üretkenliğin, büyüyen bir nüfus için yeterli besleyici gıda sağlamak için yükselmesi gerekiyor. Dahası, son zamanlarda yapılan bir çalışma, artan nüfus artışı ve böceklerin metabolik oranları nedeniyle küresel ortalama yüzey ısınması derecesi başına pirinç, mısır ve buğdayın küresel verim kayıplarında% 10-25 oranında bir artış öngörmektedir. Doğal olarak farklı böcek türleri tarafından üretilen feromonlar, böcek öldürücülere karşı sağlıklı ve çevre dostu bir alternatifi temsil eder. Tarlalara veya meyve bahçelerine az miktarda seks feromonlarının dağıtılması erkekleri karıştırır, çiftleşmeyi ve dolayısıyla larva oluşumunu önler. Bu yönteme ""mating disruption"" denir. Feromonlar çekicidir, çünkü ne faydalı türlere ne de insanlara zarar vermeyen biyolojik olarak parçalanabilir, türlere özgü bileşiklerdir. Bununla birlikte, feromonlar, esas olarak sentetik feromonların yüksek maliyetleri, feromon dağıtıcılarının emek yoğun uygulaması ve feromon salınım yöntemlerinin etkinliği hakkında bilgi eksikliği nedeniyle hala yaygın olarak kullanılmamaktadır. Bu nedenle, projenin amacı, böcek feromonlarının mühendislikle üretilmiş oleaginous mayalarda fermantasyon yoluyla sürdürülebilir ve uygun maliyetli üretimidir. Dahası, bu proje aynı zamanda feromon salınımı için farklı yöntemlerin etkinliğini araştıracaktır. Sonuç olarak, yaygın bir feromon kullanımı için engeller azaltılacaktır. Bu, uzun vadeli sürdürülebilir ve verimli bir tarım sektörünün gelişimini destekleyecektir. Geniş bir yayılma ve eğitim kampanyasıyla feromonların çiftçiler, politikacılar ve halk arasında pestisit alternatifleri olarak farkındalığını arttıracağız.",Helsinki-NLP/opus-mt-en-tr,pending,pending,pending,pending,Pending human expert translation review.
843136,validation,chemical_engineering,5,chemical_engineering;geometry;internet_of_things;optical_sensors;semiconductivity,"From beacon fires in early civilizations to emerging light networked wireless communication in modern society, optical wireless communication technologies (OWC) continues to play a pivotal role for mankind. The emergence of flexible and wearable electronic applications are now posing novel challenges to OWC whereby clothes, mechanically flexible design materials and even the human skin are increasingly being considered as possible supports for multifunctional applications.Light UP has the ambition to transform the scenario of wearable OWC by developing a conceptually new class of ultrathin and flexible photodetectors with an expected time response as fast as a few tens of picoseconds, greatly surpassing any rivalling present wearable technology. The groundbreaking innovation that will enable this breakthrough will be based on the realization of a so-called “wide quantum well” in high quality atomically thin materials in which the ultrafast formation of a charge dipole upon light absorption will lead to a fast on/off optical modulation of the electrical signal in transistor geometries. Atomically thin materials will be engineered ad hoc by exploiting surface chemistry to heal defect and to exert a superior control over their energy band structure in order to obtain well-suited electronic, optical, and physical properties. This ambitious interdisciplinary exploration will thrive on the unique synergy of the complementary expertise and skills by the applicant and host group encompassing nano-chemistry, material science, engineering and physics. Hence, this project will address a forefront research program pioneering (1) the development of a scalable solution-phase scheme for chemical engineering of defect states in atomically thin semiconductors; (2) the implementation of defect-free atomically thin semiconductors in ultrafast photodetector; and (3) the realization of atomically thin ultrafast photodetectors onto technological relevant flexible substrates.","Erken uygarlıklardaki fener yangınlarından, modern toplumda ortaya çıkan ışık ağı kablosuz iletişimine kadar, optik kablosuz iletişim teknolojileri (OWC) insanlık için önemli bir rol oynamaya devam ediyor. Esnek ve giyilebilir elektronik uygulamaların ortaya çıkması şimdi OWC'ye yeni zorluklar yaratıyor; bu sayede kıyafetler, mekanik olarak esnek tasarım malzemeleri ve hatta insan derisi, çok işlevli uygulamalar için olası destekler olarak giderek daha fazla kabul ediliyor.Light UP, mevcut herhangi bir rakibin birkaç on saniye kadar hızlı bir şekilde beklenen bir zaman tepkisi ile kavramsal olarak yeni bir ultra ince ve esnek fotodetektör sınıfı geliştirerek giyilebilir OWC senaryosunu dönüştürme hırsına sahiptir. Bu atılımı sağlayacak çığır açan yenilik, yüksek kaliteli atomik olarak ince malzemelerde ""geniş kuantum kuyusu"" olarak adlandırılan ve ışık emilimi üzerine bir yük dipolünün ultra hızlı oluşumunun transistör geometrilerinde elektrik sinyalinin hızlı bir şekilde açılmasına / kapanmasına yol açacağına dayanıyor. Atomik olarak ince malzemeler, kusuru iyileştirmek ve uygun elektronik, optik ve fiziksel özellikler elde etmek için enerji bant yapıları üzerinde üstün bir kontrol uygulamak için yüzey kimyasından faydalanarak tasarlanacaktır. Bu iddialı disiplinlerarası keşif, nano-kimya, malzeme bilimi, mühendislik ve fiziği kapsayan başvuru sahibi ve ev sahibi grup tarafından tamamlayıcı uzmanlık ve becerilerin benzersiz sinerjisi ile gelişecektir. Bu nedenle, bu proje öncü bir ön araştırma programına değinecektir (1) atomik olarak ince yarı iletkenlerde kusur durumlarının kimya mühendisliği için ölçeklenebilir bir çözüm faz şemasının geliştirilmesi; (2) ultra hızlı fotodetektörde kusursuz atomik olarak ince yarı iletkenlerin uygulanması; ve (3) atomik olarak ince ultra hızlı fotodetektörlerin teknolojik ilgili esnek substratlar üzerine gerçekleştirilmesi.",Helsinki-NLP/opus-mt-en-tr,pending,pending,pending,pending,Pending human expert translation review.
722337,validation,chemical_sciences,5,chemical_sciences;satellite_technology;software,"Lightning is an extremely energetic electric discharge process in our atmosphere. It significantly affects the concentration of greenhouse gases and it threatens electrical and electronic devices, in particular, when placed on elevated structures like wind turbines or aircraft, and when these structures are built with modern composite materials with inherently low electric conductivity. In addition, even our fundamental understanding of atmospheric electricity is far from complete. New discharge processes in the atmosphere above thunderstorms have been discovered, the so-called Transient Luminous Events (TLEs) in the stratosphere and mesosphere, and Terrestrial Gamma-ray Flashes (TGFs) that emit particle beams of antimatter. These phenomena demand thorough investigations, in geophysics and in the related fields of plasma and high-voltage technology where similar discharges appear.These challenges are approached within the SAINT project with a multidisciplinary and inter-sectorial training platform for 15 ESRs. The platform brings together satellite and ground observations with modelling and lab experiments. It couples scientific studies to applications relevant to industries developing satellite data products, plasma discharge technologies, lightning detection systems and lightning protection devices. With SAINT, we take advantage of the extraordinary opportunity presented by three simultaneous space missions with dedicated instruments to study lightning discharges, TLEs and TGFs, to integrate the unique space data with dedicated novel ground observations, model developments and lab experiments. SAINT will train the next generation of young, innovative scientists to shape the future of research and technology in Europe.","Yıldırım, atmosferimizde son derece enerjik bir elektrik deşarj işlemidir. Sera gazlarının konsantrasyonunu önemli ölçüde etkiler ve özellikle rüzgar türbinleri veya uçaklar gibi yükseltilmiş yapılara yerleştirildiğinde ve bu yapılar doğal olarak düşük elektrik iletkenliğine sahip modern kompozit malzemelerle inşa edildiğinde elektrik ve elektronik cihazları tehdit eder. Buna ek olarak, atmosferik elektrik konusundaki temel anlayışımız bile tam olmaktan uzaktır. Gök gürültülü fırtınaların üzerindeki atmosferde yeni deşarj süreçleri keşfedildi, stratosfer ve mezosferdeki Geçici Aydınlık Olaylar (TLE'ler) ve antimaddenin parçacık ışınlarını yayan Terrestrial Gamma-ışını Flaşları (TGF'ler). Bu fenomenler, jeofizikte ve benzer deşarjların ortaya çıktığı plazma ve yüksek voltaj teknolojisinin ilgili alanlarında kapsamlı araştırmalar gerektirir.Bu zorluklar, 15 ESR için çok disiplinli ve sektörler arası bir eğitim platformu ile SAINT projesi içinde ele alınmaktadır. Platform, uydu ve yer gözlemlerini modelleme ve laboratuvar deneyleri ile bir araya getiriyor. Uydu veri ürünleri, plazma deşarj teknolojileri, yıldırım algılama sistemleri ve yıldırımdan korunma cihazları geliştiren endüstriler ile ilgili uygulamalara bilimsel çalışmalar yapmaktadır. SAINT ile, yıldırım deşarjları, TLE'ler ve TGF'leri incelemek, benzersiz uzay verilerini özel yeni yer gözlemleri, model geliştirmeleri ve laboratuvar deneyleri ile entegre etmek için üç eşzamanlı uzay görevi tarafından sunulan olağanüstü fırsattan yararlanıyoruz. SAINT, Avrupa'daki araştırma ve teknolojinin geleceğini şekillendirmek için yeni nesil genç, yenilikçi bilim insanlarını eğitecek.",Helsinki-NLP/opus-mt-en-tr,pending,pending,pending,pending,Pending human expert translation review.
694612,validation,christianity,4,christianity;cinematography;digital_humanities;history_of_literature,"What exactly are the words which priests recite in the Yasna, the core ritual of one of the most ancient and influential living religions, Zoroastrianism? What is their meaning and how do they relate to the ritual actions? The Yasna is significant for our cultural heritage not only because of its influential thought system which arguably impacted on post-exilic Judaism, nascent Christianity and Islam, but also because with parts of it going back to the 2nd millennium BCE, it is the oldest witness to Iranian languages. Its full appreciation, however, is severely hampered by the presence of outdated editions and translations or by their absence altogether. Moreover, the relationship between the text recited and the action performed during the ritual is unexplored due to a lack of documentary evidence. The Multimedia Yasna proposes to fill these gaps in a methodologically ground-breaking fashion.MUYA combines two different, yet complementary approaches by examining the Yasna both as a ritual performance and as a text attested in manuscripts. The two approaches will be integrated to answer questions about the meaning and function of the Yasna in a historical perspective. The research methods for achieving MUYA’s objectives unite cutting edge approaches from Digital Humanities, Philology and Linguistics into four interrelated work-packages. These will involve filming and analyzing the ritual performance and teaching practices in priestly schools, the creation of a suite of electronic tools for editing Avestan texts, a database of transcribed manuscripts of the Yasna and in-depth studies of selected parts of the text by combining datasets produced by electronic processes with philological methods of textual criticism and linguistic analysis. These complementary datasets and methods will be used to produce an online publication of the sub-titled and interactive film of the Yasna ritual, together with print editions, translations and commentaries of the Avestan Yasna.","Rahiplerin Yasna'da okudukları sözler tam olarak nedir, en eski ve etkili yaşayan dinlerden birinin temel ritüeli olan Zoroastrianizm? Onların anlamı nedir ve ritüel eylemlerle nasıl ilişki kurarlar? Yasna, kültürel mirasımız için sadece sürgün sonrası Yahudiliği, yeni ortaya çıkan Hristiyanlığı ve İslam'ı tartışmalı bir şekilde etkileyen etkili düşünce sistemi nedeniyle değil, aynı zamanda bir kısmı M.Ö. 2. binyıla geri döndüğü için İran dillerinin en eski tanığıdır. Bununla birlikte, tam takdir edilmesi, modası geçmiş baskıların ve çevirilerin varlığı veya bunların tamamen yokluğu nedeniyle ciddi bir şekilde engellenmektedir. Ayrıca, okunan metin ile ritüel sırasında gerçekleştirilen eylem arasındaki ilişki, belgesel kanıt eksikliği nedeniyle araştırılmamıştır. Multimedya Yasna, bu boşlukları metodolojik olarak çığır açan bir şekilde doldurmayı önermektedir.MUYA, Yasna'yı hem ritüel bir performans hem de el yazmalarında onaylanmış bir metin olarak inceleyerek iki farklı, ancak tamamlayıcı yaklaşımı birleştirir. İki yaklaşım, Yasna'nın anlamı ve işlevi hakkındaki soruları tarihsel bir perspektifle yanıtlamak için entegre edilecektir. MUYA'nın hedeflerine ulaşmak için araştırma yöntemleri, Dijital Beşeri Bilimler, Filoloji ve Dilbilim'den ileri yaklaşımları birbiriyle ilişkili dört iş paketinde birleştirir. Bunlar, rahip okullarındaki ritüel performans ve öğretim uygulamalarını filme almayı ve analiz etmeyi, Avestan metinlerini düzenlemek için bir dizi elektronik araç oluşturmayı, Yasna'nın transkribe edilmiş el yazmalarının bir veritabanını ve elektronik süreçler tarafından üretilen veri kümelerini metinsel eleştiri ve dilbilimsel analizin filolojik yöntemleriyle birleştirerek metnin seçilmiş bölümlerini derinlemesine incelemeyi içerecektir. Bu tamamlayıcı veri setleri ve yöntemler, Avestan Yasna'nın basılı baskıları, çevirileri ve yorumlarıyla birlikte Yasna ritüelinin alt başlığı ve etkileşimli filminin çevrimiçi bir yayınının üretilmesi için kullanılacaktır.",Helsinki-NLP/opus-mt-en-tr,pending,pending,pending,pending,Pending human expert translation review.
669771,validation,chromosomes,5,chromosomes;crystals;functional_analysis;immunology;oncology,"There is an intense interest in the function of human Myc proteins that stems from their pervasive role in the genesis of human tumors. A large body of evidence has established that expression levels of one of three closely related Myc proteins are enhanced in the majority of all human tumors and that multiple tumor entities depend on elevated Myc function, arguing that targeting Myc will have significant therapeutic efficacy. This hope awaits clinical confirmation, since the strategies that are currently under investigation to target Myc function or expression have yet to enter the clinic. Myc proteins are global regulators of transcription, but their mechanism of action is poorly understood. Myc proteins are highly unstable in normal cells and rapidly turned over by the ubiquitin/proteasome system. In contrast, they are stabilized in tumor cells. Work by us and by others has shown that stabilization of Myc is required for tumorigenesis and has identified strategies to destabilize Myc for tumor therapy. This work has also led to the surprising observation that the N-Myc protein, which drives neuroendocrine tumorigenesis, is stabilized by association with the Aurora-A kinase and that clinically available Aurora-A inhibitors can dissociate the complex and destabilize N-Myc. Aurora-A has not previously been implicated in transcription, prompting us to use protein crystallography, proteomics and shRNA screening to understand its interaction with N-Myc. We have now identified a novel protein complex of N-Myc and Aurora-A that provides an unexpected and potentially groundbreaking insight into Myc function. We have also solved the crystal structure of the N-Myc/Aurora-A complex. Collectively, both findings open new strategies to target Myc function for tumor therapy.","İnsan tümörlerinin oluşumundaki yaygın rollerinden kaynaklanan insan Myc proteinlerinin işlevine yoğun bir ilgi vardır. Çok sayıda kanıt, yakından ilişkili üç Myc proteininden birinin ekspresyon seviyelerinin tüm insan tümörlerinin çoğunluğunda arttırıldığını ve birden fazla tümör varlığının Myc'i hedeflemenin önemli terapötik etkinliğe sahip olacağını savunarak yükseltilmiş Myc fonksiyonuna bağlı olduğunu ortaya koymuştur. Bu umut klinik doğrulamayı bekliyor, çünkü şu anda Myc işlevini veya ifadesini hedeflemek için soruşturma altında olan stratejiler henüz kliniğe girmedi. Myc proteinleri transkripsiyonun küresel düzenleyicileridir, ancak etki mekanizmaları kötü anlaşılmıştır. Mik proteinleri normal hücrelerde oldukça kararsızdır ve ubiquitin / proteazom sistemi tarafından hızla döndürülür. Buna karşılık, tümör hücrelerinde stabilize olurlar. Bizim tarafımızdan ve başkaları tarafından yapılan çalışmalar, Myc'in stabilizasyonunun tümörigenezi için gerekli olduğunu ve tümör tedavisi için Myc'i istikrarsızlaştırmak için stratejiler belirlediğini göstermiştir. Bu çalışma aynı zamanda, nöroendokrin tümörigenezi yönlendiren N-Myc proteininin Aurora-A kinaz ile ilişkili olarak stabilize edildiği ve klinik olarak mevcut olan Aurora-A inhibitörlerinin kompleksi ayrıştırabileceği ve N-Myc'i istikrarsızlaştırabileceği şaşırtıcı bir gözleme yol açmıştır. Aurora-A daha önce transkripsiyonda yer almamıştır, N-Myc ile olan etkileşimini anlamak için protein kristalografisi, proteomik ve shRNA taramasını kullanmamıza neden olmuştur. Şimdi N-Myc ve Aurora-A'nın Myc fonksiyonu hakkında beklenmedik ve potansiyel olarak çığır açan bir içgörü sağlayan yeni bir protein kompleksi belirledik. Ayrıca N-Myc/Aurora-A kompleksinin kristal yapısını çözdük. Kolektif olarak, her iki bulgu da tümör tedavisi için Myc fonksiyonunu hedeflemek için yeni stratejiler açar.",Helsinki-NLP/opus-mt-en-tr,pending,pending,pending,pending,Pending human expert translation review.
702296,validation,cinematography,5,cinematography;essays;heuristic_programming;human_migrations;modern_history,"This project aims to provide an invaluable new perspective on the motives, practices and consequences of migration in European history, by examining one of the most dynamic and cosmopolitan of past urban societies: Renaissance Venice (ca. 1450-1650). It will do this by investigating quotidian practices of mobility and in particular the early, liminal phases of migrant journeys through the city, producing a closely-focused study of spaces of first arrival for mobile people in Venice, such as inns, lodging houses, ferry stations and quays. Employing an innovative, interdisciplinary methodology, the project will map these key entry-points where new arrivals first sought shelter, food, work, information and human connection, revealing them as crucial sites of interaction and negotiation between newcomers and the local community and as hubs of the authorities’ developing systems of migrant surveillance and identification. Dissemination of the research via a monograph, journal articles and conference papers, as well as planned Public Engagement activities including a digital map of sites of arrival, a radio documentary pitch and an interdisciplinary workshop, will provide a vital historical perspective to contemporary debates on European migration. More broadly, the research will foster knowledge and expertise on vital themes of European history such as the development of policies of reception and hospitality, integration and assimilation, border control and identification, and their impact on states and urban centres as well as on local communities and migrants themselves. The Fellowship will also offer the candidate exceptional knowledge transfer, training and career development opportunities; in particular, her research will be enriched by participation, at the host institution, in an unrivaled concentration of expertise on comparative, transnational and interdisciplinary dimensions of European migration.","Bu proje, geçmiş kent toplumlarının en dinamik ve kozmopolitlerinden birini inceleyerek, Avrupa tarihindeki göçün nedenleri, uygulamaları ve sonuçları hakkında paha biçilmez yeni bir bakış açısı sağlamayı amaçlamaktadır: Rönesans Venedik (ca. 1450-1650). Bunu, hareket kabiliyetinin quotidyen uygulamalarını ve özellikle de şehir boyunca göçmen yolculuklarının erken, liminal evrelerini araştırarak, Venedik'teki seyyar insanlar için ilk varış yerlerinin yakından odaklanmış bir çalışmasını üreterek gerçekleştirecektir. hanlar, konaklama evleri, feribot istasyonları ve rıhtımlar gibi. Yenilikçi, disiplinler arası bir metodoloji kullanan proje, yeni gelenlerin ilk olarak barınak, yiyecek, iş, bilgi ve insan bağlantısı aradığı bu kilit giriş noktalarını haritalayacak, yeni gelenlerle yerel toplum arasında önemli etkileşim ve müzakere alanları ve yetkililerin gelişmekte olan göçmen gözetim ve kimlik sistemlerinin merkezleri olarak ortaya çıkaracak. Araştırmanın bir monografi, dergi makaleleri ve konferans makaleleri aracılığıyla yayılması, ayrıca varış yerlerinin dijital bir haritası, bir radyo belgesel sahası ve disiplinlerarası bir atölye de dahil olmak üzere planlanan Halkla İlişkiler faaliyetleri, Avrupa göçü konusundaki çağdaş tartışmalara hayati bir tarihsel bakış açısı sağlayacaktır. Daha geniş bir şekilde, araştırma, Avrupa tarihinin, kabul ve misafirperverlik politikalarının geliştirilmesi, entegrasyon ve asimilasyon, sınır kontrolü ve kimlik tespiti gibi hayati temaları ve bunların eyaletler ve kentsel merkezler üzerindeki etkilerinin yanı sıra yerel topluluklar ve göçmenlerin kendileri üzerinde bilgi ve uzmanlığı teşvik edecektir. Burs ayrıca aday istisnai bilgi transferi, eğitim ve kariyer geliştirme fırsatları sunacak; özellikle, araştırması, ev sahibi kurumda, Avrupa göçünün karşılaştırmalı, ulusötesi ve disiplinler arası boyutları konusunda rakipsiz bir uzmanlık konsantrasyonunda katılımla zenginleşecektir.",Helsinki-NLP/opus-mt-en-tr,pending,pending,pending,pending,Pending human expert translation review.
704633,validation,civil_society,5,civil_society;climatic_changes;post_transition_metals;recycling;sustainable_economy,"Securing access to raw materials is of particular concern for countries highly dependent on imports. This is the case of many EU States. Because of issues related to decreasing ore grades and scarcity of supply of primary metal forms, recycling of above-ground deposits of metal-bearing waste (or “in-use stock”) will become an increasingly important means of securing resources to provide essential building blocks to the European industry. Recycling of metal in-use stock has the further potential of avoiding consuming the large amounts of energy required in primary metal production, and of reducing related greenhouse gas emissions. Currently, however, because of metal losses during and after use, end-of-life recycling rates for many metals are often very low, so the potential for improving those recycling efficiencies is an important consideration for the achievement of a more resource efficient economy and sustainable development in Europe. This project proposes a comprehensive, exemplary research line that merges complementary drivers in the assessment of the metal-energy-climate change nexus for (i) estimating the size of current urban mines for selected, critical metals; (ii) assessing future opportunities and barriers to their recycling, and (iii) related potentials for carbon emissions reduction. The results of this project are expected to reach a wide impact in the research community and will timely inform an evidence base for future decision-making, and for enhancing the growth of European economy improving resource efficiency and recycling. While pursuing the objectives of this high-quality research proposal, the candidate will acquire new, desirable knowledge and competences that will open to him the best opportunities for achieving a leading position in research. A transfer of knowledge from the candidate to the host organisation will also contribute to implement a valuable, outstanding asset to UNIBO in the Industrial Ecology field.","Hammaddeye erişimin güvence altına alınması, ithalata son derece bağımlı ülkeler için özellikle endişe vericidir. Birçok AB ülkesinin durumu böyledir. Maden notlarının azaltılması ve birincil metal formlarının arzının azlığı ile ilgili konular nedeniyle, metal taşıyan atıkların yer üstü yataklarının geri dönüşümü (veya ""kullanım içi stok""), Avrupa endüstrisine temel yapı taşları sağlamak için kaynakların güvence altına alınmasının giderek daha önemli bir aracı haline gelecektir. Metalin kullanım içi stokunun geri dönüşümü, birincil metal üretiminde gereken büyük miktarda enerjiyi tüketmekten ve ilgili sera gazı emisyonlarını azaltmaktan kaçınma potansiyeline sahiptir. Bununla birlikte, şu anda, kullanım sırasında ve sonrasındaki metal kayıpları nedeniyle, birçok metal için kullanım sonu geri dönüşüm oranları genellikle çok düşüktür, bu nedenle geri dönüşüm verimliliğini iyileştirme potansiyeli, Avrupa'da daha kaynak verimli bir ekonominin ve sürdürülebilir bir kalkınmanın elde edilmesi için önemli bir husustur. Bu proje, (i) seçilen, kritik metaller için mevcut kentsel madenlerin büyüklüğünü tahmin etmek için metal-enerji-iklim değişikliği nexusunun değerlendirilmesinde tamamlayıcı sürücüleri birleştiren kapsamlı, örnek bir araştırma hattı önermektedir; (ii) geri dönüşümlerinin gelecekteki fırsatlarını ve engellerini değerlendirmek ve (iii) karbon emisyonlarının azaltılması için ilgili potansiyelleri değerlendirmek. Bu projenin sonuçlarının araştırma topluluğunda geniş bir etkiye ulaşması bekleniyor ve gelecekteki karar verme ve kaynak verimliliğini ve geri dönüşümü artıran Avrupa ekonomisinin büyümesini artırmak için bir kanıt tabanını zamanında bilgilendirecek. Bu yüksek kaliteli araştırma önerisinin hedeflerini takip ederken, aday, araştırmada lider bir konuma ulaşmak için ona en iyi fırsatları açacak yeni, arzu edilen bilgi ve yetkinlikleri edinecektir. Adaydan ev sahibi kuruluşa bilgi aktarımı da Endüstriyel Ekoloji alanında UNIBO'ya değerli, olağanüstü bir varlığın uygulanmasına katkıda bulunacaktır.",Helsinki-NLP/opus-mt-en-tr,pending,pending,pending,pending,Pending human expert translation review.
700342,validation,climate_change_adaptation,5,climate_change_adaptation;climatic_changes;crisis_management;natural_disasters;simulation_software,"ESPREssO aims at contributing to a new strategic vision to approach natural risk reduction and climate change adaptation, thereby opening new frontiers for research and policy making. From this perspective it wants also to be of support to the EC research and development and to the JRC Knowledge Centre on Disaster Risk Management.To achieve this goal, the project structure is built upon the central role of three main challenges to be addressed in order to propose ways to mitigate differences, to identify gaps, and to overcome the boundaries among different topics:1 To propose ways to create more coherent national and European approaches on Disaster Risk Reduction, Climate Change Adaptation and resilience strengthening;2.To enhance risk management capabilities by bridging the gap between science and legal/policy issues at local and national levels in six European countries;3.To address the issue of efficient management of trans-boundary crises.Activities on the three ESPREssO challenges will be performed in all work-packages. The first 3 WPs are essentially dedicated to collection of information: on relevant stakeholders’ needs, perspectives and priorities (WP1), on the existing knowledge of legal, policy and science approach at the EU level and across identified countries (WP2), and development of hazard-specific scenarios as a basis for a Risk Management Simulation tool to elicit stakeholders (WP3). The other two WPs are dedicated to the analysis of information and the preparation of proposals: analysis of information and evaluation of the proposed strategies (WP4), and preparation and dissemination of guidelines (WP5).A comprehensive approach to the ESPREssO challenges requires a strong, multi-disciplinary group. The ESPREssO team is consequently formed by partners having a well-known expertise in legal and governance issues and natural risk management, socio-economic aspects and resilience, hard science, statistical approaches to multi-risk and resilience.","ESPRESSO, doğal risk azaltma ve iklim değişikliği adaptasyonuna yaklaşmak için yeni bir stratejik vizyona katkıda bulunmayı ve böylece araştırma ve politika oluşturma için yeni sınırlar açmayı amaçlamaktadır. Bu perspektiften ayrıca AK araştırma ve geliştirmeye ve JRC Afet Risk Yönetimi Bilgi Merkezi'ne destek olmak istiyor.Bu hedefe ulaşmak için proje yapısı, farklılıkları azaltmanın yollarını önermek, boşlukları belirlemek ve farklı konular arasındaki sınırları aşmak için ele alınması gereken üç ana zorluğun merkezi rolü üzerine kuruludur.1 Afet Riskinin Azaltılması, İklim Değişikliği Uyumu ve Dayanıklılık Güçlendirilmesi konularında daha tutarlı ulusal ve Avrupa yaklaşımları oluşturmak için yollar önermek;2. İlk 3 WP esasen bilgi toplamaya adanmıştır: ilgili paydaşların ihtiyaçları, bakış açıları ve öncelikleri (WP1), AB düzeyinde ve tanımlanmış ülkeler (WP2) arasında mevcut yasal, politika ve bilim yaklaşımı bilgisi ve risk yönetimi simülasyon aracının paydaşları ortaya çıkarmak için bir temel olarak tehlikeye özgü senaryoların geliştirilmesi (WP3). Diğer iki WP, bilginin analizine ve tekliflerin hazırlanmasına adanmıştır: önerilen stratejilerin (WP4) bilgi analizi ve değerlendirilmesi ve kılavuzların hazırlanması ve yayılması (WP5).ESPRESSO zorluklarına kapsamlı bir yaklaşım güçlü, çok disiplinli bir grup gerektirir. ESPRESSO ekibi, yasal ve yönetişim konularında ve doğal risk yönetimi, sosyo-ekonomik yönleri ve esnekliği, sert bilim, çok riskli ve esnekliğe istatistiksel yaklaşımları konusunda iyi bilinen bir uzmanlığa sahip ortaklar tarafından oluşturulmuştur.",Helsinki-NLP/opus-mt-en-tr,pending,pending,pending,pending,Pending human expert translation review.
101037085,validation,climatic_change_mitigation,6,climatic_change_mitigation;climatic_changes;combined_heat_and_power;hydrogen_energy;nongovernmental_organizations,"Climate change is the most significant challenge for humanity today. For this reason, fossil fuels must be replaced utilising renewables, improved energy efficiency and more flexible energy systems. An optimal combination of several renewable sources is needed to satisfy human energy needs. Bioenergy, in combination with hydrogen, can take the role as secure and plannable source for power and heat complementing intermittent renewable sources such as wind and sun. BIO-FlexGen will increase the efficiency and flexibility of renewable energy-based combined heat and power (CHP), playing a key role in energy system integration, and make a significant contribution to the decarbonisation of the energy system.In particular, to overcome these challenges, Bio-FlexGen brings to the table a unique combination of gasification and gas turbine technology that allows the plant to utilise hydrogen for fast dispatch and biomass for low operating costs over time. Due to the high efficiency, three times more power can be generated from biomass for the same heat load, and the plant can quickly achieve full load by starting and operating on 100% hydrogen. To meet fluctuations in seasonal demands and prices, a variant of the plant can provide climate-positive hydrogen production during long periods of low electricity prices or heat demand.To do so, Bio-FlexGen consortium gathers the necessary experience, knowledge and resources through a multi-stakeholder approach that covers the whole value chain of the project. It consists of a multidisciplinary team of 14 entities from 5 different EU countries (Spain, Finland, Sweden, Germany, Hungary), among which, 4 universities, 2 RTD organisations, 1 NGO, and 4 SMEs to ensure market exploitation (2 industrial companies and 1 District heat company).","İklim değişikliği bugün insanlık için en önemli meydan okumadır. Bu nedenle fosil yakıtların yenilenebilir enerji, geliştirilmiş enerji verimliliği ve daha esnek enerji sistemleri kullanılarak değiştirilmesi gerekmektedir. İnsan enerji ihtiyaçlarını karşılamak için birkaç yenilenebilir kaynağın optimal bir kombinasyonuna ihtiyaç vardır. Biyoenerji, hidrojen ile birlikte, rüzgar ve güneş gibi aralıklı yenilenebilir kaynakları tamamlayan güç ve ısı için güvenli ve planlanabilir bir kaynak olarak rol alabilir. BIO-FlexGen, yenilenebilir enerji bazlı kombine ısı ve gücün (CHP) verimliliğini ve esnekliğini artıracak, enerji sistemi entegrasyonunda önemli bir rol oynayacak ve enerji sisteminin karbonsuzlaşmasına önemli bir katkı sağlayacaktır.Özellikle, bu zorlukların üstesinden gelmek için, Bio-FlexGen, tesisin zaman içinde düşük işletme maliyetleri için hızlı sevk ve biyokütle için hidrojen kullanmasına izin veren benzersiz bir gazlaştırma ve gaz türbini teknolojisi kombinasyonunu masaya getiriyor. Yüksek verimlilik nedeniyle, aynı ısı yükü için biyokütleden üç kat daha fazla güç üretilebilir ve bitki% 100 hidrojen başlatarak ve çalıştırarak hızlı bir şekilde tam yük elde edebilir. Mevsimlik talep ve fiyatlardaki dalgalanmaları karşılamak için, tesisin bir varyantı, düşük elektrik fiyatları veya ısı talebinin uzun süre boyunca iklim pozitif hidrojen üretimi sağlayabilir.Bunun için, Bio-FlexGen konsorsiyumu, projenin tüm değer zincirini kapsayan çok paydaşlı bir yaklaşımla gerekli deneyimi, bilgiyi ve kaynakları toplar. 5 farklı AB ülkesinden (İspanya, Finlandiya, İsveç, Almanya, Macaristan) 14 kuruluştan oluşan multidisipliner bir ekipten oluşur ve bunlardan 4 üniversite, 2 RTD kuruluşu, 1 STK ve pazar sömürüsünü sağlamak için 4 KOBİ'den oluşur (2 sanayi şirketi ve 1 Bölge ısı şirketi).",Helsinki-NLP/opus-mt-en-tr,pending,pending,pending,pending,Pending human expert translation review.
873055,validation,climatic_changes,6,climatic_changes;globalization;mycology;nutrition;vegetable_growing,"Crop pests and disease have serious consequences for agriculture, in terms of economic losses and wastefulness of resources. In addition, according to the FAO, transboundary plant pests and diseases – growing in the last years because of globalization, trade and climate change, as well as reduced resilience in production systems due to decades of agricultural intensification - affect food crops, threatening food security. Agriculture is to be safe, healthy and sustainable, so it is essential to have healthy crops; they play a role in producing sufficient quantities of healthy foods and contribute to the quality of life.OXIR is an innovative technology for spraying aqueous ozone (O3) for disease control and sanitation of greenhouse crops, taking advantage of the powerful oxidation-based (hence non-selective) anti-pathogen action of ozone. OXIR offers two configurations adaptable to users’ needs a fixed and a mobile prototype, that will allow European farmers saving €6.000,00/ha/year due to reductions in chemicals and labour. Currently, existing solutions to fight crop pests and diseases include synthetic chemical pesticides – posing serious environmental concerns - and bio-pesticides – that are not strongly effective, as their pest spectrum is narrow. Compared to these solutions, OXIR is highly efficient against fungi and bacteria (85-99% removal) and viruses (90-99%); costs-effective: OXIR treatment saves working time (1 min. treatment; 20 min. safety interval) compared to biopesticides and chemicals; environmentally sustainable: OXIR is IPM compatible, sustainable, and does not leave polluting residues. The goal of the Phase 2 project is to upgrade OXIR from its current preproduction state to market readiness and develop the first commercial product.","Bitki zararlıları ve hastalıkların ekonomik kayıplar ve kaynakların israfı açısından tarım için ciddi sonuçları vardır. Buna ek olarak, FAO'ya göre, sınır ötesi bitki zararlıları ve hastalıkları - küreselleşme, ticaret ve iklim değişikliği nedeniyle son yıllarda büyüyen, aynı zamanda onlarca yıllık tarımsal yoğunlaşma nedeniyle üretim sistemlerinde direncin azalması - gıda ürünlerini etkiliyor, gıda güvenliğini tehdit ediyor. Tarım güvenli, sağlıklı ve sürdürülebilir olmaktır, bu nedenle sağlıklı mahsullere sahip olmak önemlidir; yeterli miktarda sağlıklı gıda üretiminde rol oynarlar ve yaşam kalitesine katkıda bulunurlar.OXIR, sera mahsullerinin hastalık kontrolü ve sanitasyonu için sulu ozon (O3) püskürtmek için yenilikçi bir teknolojidir ve ozonun güçlü oksidasyon bazlı (bu nedenle seçici olmayan) anti-patojen etkisinden yararlanır. OXIR, kullanıcıların ihtiyaçlarına göre uyarlanabilen iki konfigürasyon sunuyor sabit ve mobil bir prototip, bu da Avrupalı çiftçilerin kimyasal ve işçilikteki azalmalar nedeniyle 6,000,00  / ha / yıl tasarruf etmelerini sağlayacak. Şu anda, mahsul zararlıları ve hastalıklarla mücadele için mevcut çözümler, zararlı spektrumları dar olduğu için güçlü bir şekilde etkili olmayan sentetik kimyasal pestisitleri - ciddi çevresel endişeler - ve biyo-pestisitleri - içerir. Bu çözümlerle karşılaştırıldığında, OXIR mantar ve bakterilere (85-99% kaldırma) ve virüslere (90-99%); maliyet-etkinlik: OXIR tedavisi, biyopestisitler ve kimyasallara kıyasla çalışma süresini (1 dk. tedavi; 20 dk. güvenlik aralığı); çevresel olarak sürdürülebilir: OXIR IPM uyumlu, sürdürülebilir ve kirletici artıklar bırakmaz. Faz 2 projesinin amacı, OXIR'ı mevcut üretim öncesi durumundan pazara hazır hale getirmek ve ilk ticari ürünü geliştirmektir.",Helsinki-NLP/opus-mt-en-tr,pending,pending,pending,pending,Pending human expert translation review.
719806,validation,coal,5,coal;data_protection;employment;law_enforcement;optical_sensors,"AUDAX Global Solutions Ltd. is an SME founded in Plymouth UK in 2005. Since then it has become a pioneer in the deliveryand development of mobile digital evidence gathering products and services. The AUDAX team consists of the mostknowledgeable experts in the industry who are committed to offer groundbreaking innovative solutions. AUDAX owns a newtechnology Bio-AX™, a unique, wearable and non-intrusive biometric body worn video system that can screen people, bagswith high throughput and high accuracy. This technology will bring many benefits to the stakeholders and increase securityin our communities. AUDAX sees a huge business opportunity through sales. The uniqueness of Bio-AX™ will increase theUnique Selling Proposition (USP) of our products and competitive advantage in the market. AUDAX have passed FeasibilityStudy and Customer Development, and believe that Bio-AX™ will raise the Company’s profitability and grow its workforce.The project is feasible, viable, profitable and sustainable. AUDAX is seeking financing through SME Instrument to fund thetransition of the TRL6 prototype into commercialisation.","AUDAX Global Solutions Ltd., 2005 yılında Plymouth İngiltere'de kurulmuş bir KOBİ'dir. O zamandan beri, ürün ve hizmetleri toplayan mobil dijital kanıtların dağıtımında ve geliştirilmesinde bir öncü haline geldi. AUDAX ekibi, çığır açan yenilikçi çözümler sunmayı taahhüt eden sektördeki en bilgili uzmanlardan oluşur. AUDAX, insanları, yüksek verim ve yüksek doğrulukla torbaları tarayabilen benzersiz, giyilebilir ve müdahaleci olmayan biyometrik vücut yıpranmış bir video sistemi olan yeni bir teknoloji Bio-AXTM'e sahiptir. Bu teknoloji, paydaşlarımıza birçok fayda sağlayacak ve toplumumuzda güvenliği artıracaktır. AUDAX, satışlar yoluyla büyük bir iş fırsatı görüyor. Bio-AXTM'in benzersizliği, ürünlerimizin Unique Satış Teklifini (USP) ve piyasadaki rekabet avantajını artıracaktır. AUDAX, FizibiliteStudy ve Müşteri Geliştirme'yi geçti ve Bio-AXTM'in Şirketin karlılığını artıracağına ve işgücünü büyüteceğine inanıyor.Proje uygulanabilir, uygulanabilir, karlı ve sürdürülebilirdir. AUDAX, TRL6 prototipinin ticarileştirilmesine fon sağlamak için KOBİ Instrument aracılığıyla finansman arıyor.",Helsinki-NLP/opus-mt-en-tr,pending,pending,pending,pending,Pending human expert translation review.
747381,validation,coating_and_films,5,coating_and_films;graphene;internet_of_things;post_transition_metals;solar_energy,"Aim: Development of conductive graphene ink for printed flexible transparent applications.State-of-the-art: Advancing of printed electronics via high quality graphene inks for highly flexible displays of higher energy class and better visibility, and next generation products as wearables and transparent displays.Innovation: First graphene/carbon quantum dots (CQDs) and graphene nanobuds conductive inks. Essential study to warrant that final printed circuits demonstrate zero nanoparticles emissions.Excellence: Exploitation of graphene’s unique properties. High interdisciplinary nature linking also directly research with industry.Capacities: I have multidisciplinary background, advanced skills and extensive experience in synthesis and characterization of nanomaterials, excellent track record. Prof. Ferrari’s expertise ensures proper supervision. Cambridge possesses essential instrumentation and is excellent host institution. """"TheGrapheneBox"""" secures commercialization of inks.Impact: Gain skills for advanced characterization techniques as TEM, recognized as an expert in graphene inks, raise my profile by joining Cambridge, expand my network. Dealing with the hot market of printed electronics, commercialized products will find a direct industrial use.Use of foreground: Proper dissemination/exploitation of results in form of conference participations, patents, commercialized products, and publications at high impact factor journals warranted by project’s excellence. Respect to intellectual property. Follow Horizon 2020 priority for open science. Rapid communication of the outcomes by a set of measures.Implementation: Solid work plan. Use of CQDs and functionalized fullerenes for graphene’s dispersion in water. Modifiers tuning ink’s features to acquire proper rheological properties and stable colloidal suspensions. Inkjet and roll-to-roll printing employed. Films integrated in devices evaluating their applicability. Proper tasks’ allocation and mitigation actions.""""","Amaç: Basılı esnek şeffaf uygulamalar için iletken grafen mürekkebinin geliştirilmesi.State-of-the-art: Yüksek enerji sınıfı ve daha iyi görünürlük son derece esnek ekranlar için yüksek kaliteli grafen mürekkepleri ve giyilebilir ve şeffaf ekranlar olarak yeni nesil ürünler için baskılı elektroniklerin geliştirilmesi.İnovasyon: İlk grafen / karbon kuantum noktaları (CQD'ler) ve grafen nanobüd iletken mürekkepler. Nihai baskılı devrelerin sıfır nanopartikül emisyonu gösterdiğini garanti etmek için gerekli çalışma.Mükemmellik: Grafen'in benzersiz özelliklerinin sömürülmesi. Ayrıca endüstri ile doğrudan araştırma bağlayan yüksek disiplinlerarası doğa.Kapasiteler: Çok disiplinli geçmişim, ileri becerilerim ve nanomateryallerin sentezi ve karakterizasyonu konusunda geniş tecrübem var, mükemmel pist kaydı. Prof. Ferrari'nin uzmanlığı uygun denetim sağlar. Cambridge temel enstrümantasyona sahiptir ve mükemmel bir ev sahibi kurumdur. """"TheGrapheneBox"""" mürekkeplerin ticarileştirilmesini güvence altına alır.İmpact: Grafen mürekkeplerinde uzman olarak tanınan TEM olarak gelişmiş karakterizasyon teknikleri için beceri kazanın, Cambridge'e katılarak profilimi yükseltin, ağımı genişletin. Basılı elektroniklerin sıcak pazarı ile uğraşan ticarileştirilmiş ürünler, doğrudan endüstriyel bir kullanım bulacaktır. Önplan kullanımı: Konferans katılımları, patentler, ticarileştirilmiş ürünler ve yüksek etki faktörü dergilerinde projenin mükemmelliği tarafından garanti edilen sonuçların uygun şekilde yayılması / kullanılması. Fikri mülkiyete saygı. Açık bilim için Horizon 2020 önceliğini takip edin. Sonuçların bir dizi önlemle hızlı bir şekilde iletilmesi.Implementation: Solid work plan. Grafenin suda dağılması için CQD'lerin ve fonksiyonelleştirilmiş fullerenlerin kullanılması. Uygun rheolojik özellikler ve kararlı kolloidal süspansiyonlar elde etmek için mürekkebin özelliklerini ayarlayan değiştiriciler. Mürekkep püskürtmeli ve rulodan ruloya baskı kullanıldı. Uygulanabilirliklerini değerlendiren cihazlara entegre filmler. Uygun görevlerin tahsisi ve hafifletme eylemleri"".",Helsinki-NLP/opus-mt-en-tr,pending,pending,pending,pending,Pending human expert translation review.
659719,validation,cognitive_neuroscience,4,cognitive_neuroscience;data_science;microscopy;parkinson;social_inequalities,"The mammalian brain integrates behaviorally relevant sensory information by recruiting large parts of the neocortex to enable precise perception, apt decisions and adequate actions. The large-scale interactions and the distinct roles of the various neocortical regions, namely frontal motor-related areas and posterior sensory-related regions, remain poorly understood. Here, we aim to characterize how behavior-related activity in higher-order regions (e.g. frontal area) of the mouse is spatiotemporally organized, and how does it relate to lower-order regions (e.g. somatosensory cortex). Mice will be trained on an S1-dependent texture discrimination task under head-fixed conditions, enabling simultaneous imaging of neuronal populations. First, we will use a novel wide-field preparation to map lower and higher-order functions throughout the cortex. Next, we will zoom-in on specific areas of interest using two-photon microscopy to achieve single cell resolution. Finally, we will use an array of labeling techniques to track behavior-dependent activity of neuronal populations that project to a specific area. A special emphasis will be to identify how the activity in subsets of neurons that project ‘top-down’, from frontal areas to the primary sensory area, relates to different behavioral aspects. We expect that our results will provide fundamental insights into the contribution of frontal cortical regions to perception-related and decision-related activity before sensation (anticipation), during sensation (texture touch) and after sensation (holding in memory and 'licking for reward' action). We believe that this multidisciplinary project in behaving animals is a challenging and promising approach bound to generate novel and exciting results which will be of great interest to the scientific community.","Memeli beyni, hassas algılama, apt kararları ve yeterli eylemleri sağlamak için neokorteksin büyük bölümlerini işe alarak davranışsal olarak ilgili duyusal bilgileri bütünleştirir. Büyük ölçekli etkileşimler ve çeşitli neokortikal bölgelerin, yani frontal motorla ilgili bölgelerin ve posterior duyusal ile ilgili bölgelerin belirgin rolleri, iyi anlaşılmamıştır. Burada, farenin üst düzey bölgelerinde (örneğin frontal alan) davranışla ilgili aktivitenin spatiyotemporal olarak nasıl organize edildiğini ve alt düzey bölgelerle (örneğin somatosensör korteks) nasıl ilişkili olduğunu karakterize etmeyi amaçlıyoruz. Fareler, kafaya sabit koşullar altında S1 bağımlı bir doku ayrımcılığı görevi üzerine eğitilecek ve nöronal popülasyonların eş zamanlı görüntülenmesini sağlayacaktır. İlk olarak, korteks boyunca daha düşük ve daha yüksek dereceli fonksiyonları haritalamak için yeni bir geniş alan hazırlığı kullanacağız. Daha sonra, tek hücre çözünürlüğü elde etmek için iki fotonlu mikroskopi kullanarak belirli ilgi alanlarına yakınlaştıracağız. Son olarak, belirli bir alana proje oluşturan nöronal popülasyonların davranışa bağlı aktivitesini izlemek için bir dizi etiketleme tekniği kullanacağız. Özel bir vurgu, ön bölgelerden birincil duyusal alana kadar ‘yukarıdan aşağıya’ projelendiren nöronların alt kümelerindeki aktivitenin farklı davranışsal yönlerle nasıl ilişkili olduğunu tanımlamak olacaktır. Sonuçlarımızın, ön kortikal bölgelerin sansasyondan önce (bekleme), sansasyon sırasında (tekstüre dokunma) ve sansasyondan sonra (hafızada tutma ve 'ödül için yalama' eylemi) algıyla ilgili ve kararla ilgili aktiviteye katkısı hakkında temel bilgiler sağlayacağını umuyoruz. Hayvanlara davranıştaki bu multidisipliner projenin, bilim camiasının büyük ilgisini çekecek yeni ve heyecan verici sonuçlar üretmeye bağlı zorlu ve umut verici bir yaklaşım olduğuna inanıyoruz.",Helsinki-NLP/opus-mt-en-tr,pending,pending,pending,pending,Pending human expert translation review.
877378,validation,cognitive_psychology,4,cognitive_psychology;food_technology;machine_learning;neurobiology;signal_processing,"85% of new products fail right after launch because of lack of reliable data on consumer preferences. It is especially critical in Food & Beverage industry because of the strong competition and complex customer segmentation. During product development cycle, testing phase takes the most time and cost, requiring a lot of iterations and using surveys (what people say is not necessarily what they think) and statistical data (inaccurate results). Main challenges are: - Reduce mistakes in product development (development costs) - Reduce testing time to reduce TTM (Time to Market) - Increase accuracy of results and the amount of available information for decision making on product development MANTICA is the first tool to apply neuroscience to testing phase in product and service development to provide emotional response, approach/avoidance and actual cognitive processes in real time, during the experience. It is composed of 3 components: - Seamless electroencephalograph (EEG) headset (wireless) - Operating software (Basic Signal Processing, Proprietary Metrics Library and AI/Machine Learning algorithms) - Cloud infrastructure for data storage and analysis, to produce smart reporting and data visualisation We have also developed a Self-Evaluation Kit (SEK): all components in a standard, ready-to-go version for quick deployments Benefits for users are: - 30% less cost than traditional (focus groups, A/B tests) - 50% less product development time - +25% chances of success upon launching a new product (80% less mistakes) - Predictive analysis on product success - Accurate information based on real perception of the product For Thimus, we expect these impacts: - Business industrialisation (Self Evaluation Kit production, SEK) - Develop worldwide distributor network - +35-70% increase in IP assets on neuroscience and market research","Yeni ürünlerin %85'i, tüketici tercihlerine ilişkin güvenilir veri eksikliği nedeniyle lansmandan hemen sonra başarısız oluyor. Güçlü rekabet ve karmaşık müşteri segmentasyonu nedeniyle özellikle Yiyecek ve İçecek endüstrisinde kritik öneme sahiptir. Ürün geliştirme döngüsü sırasında, test aşaması en fazla zaman ve maliyet alır, çok sayıda yineleme gerektirir ve anketler (insanların söylediklerinin mutlaka ne düşündükleri değildir) ve istatistiksel veriler (doğru olmayan sonuçlar) kullanır. Başlıca zorluklar şunlardır: - Ürün geliştirmedeki hataları azaltın (geliştirme maliyetleri) - TTM'yi azaltmak için test süresini azaltın (Pazara Zaman) - Sonuçların doğruluğunu ve ürün geliştirme konusunda karar vermek için mevcut bilgi miktarını artırın MANTICA, deneyim sırasında gerçek zamanlı olarak duygusal yanıt, yaklaşım / kaçınma ve gerçek bilişsel süreçler sağlamak için ürün ve hizmet geliştirmede test aşamasına nörobilimi uygulayan ilk araçtır. 3 bileşenden oluşur: - Kesintisiz elektroensefalograf (EEG) kulaklığı (kablosuz) - İşletim yazılımı (Temel Sinyal İşleme, Özel Ölçüm Kütüphanesi ve AI/Makine Öğrenme algoritmaları) - Veri depolama ve analiz için bulut altyapısı Akıllı raporlama ve veri görselleştirmesi Biz de bir Self-Evalüasyon Kiti (SEK) geliştirdik: Geleneksel dağıtımlar için standart, hazır-to-go sürümündeki tüm bileşenler% 30'dur:",Helsinki-NLP/opus-mt-en-tr,pending,pending,pending,pending,Pending human expert translation review.
839398,validation,colorectal_cancer,6,colorectal_cancer;functional_analysis;proteomics;stem_cells;surgery,"Colorectal cancer (CRC) is the third most commonly diagnosed cancer in both men and women worldwide. Although some CRCs are effectively treated through the standard strategy of surgery, radiation and/or chemotherapy, some patients have a recurrence of their cancer and a spread to other parts of the body that threatens life. Despite decades of research, we are unable to predict which cancers will be effectively treated and which are likely to spread. In support of the well-documented resistance of cancer stem cells (CSCs) to conventional therapies high stem cell (SC) signature scores statistically associate with a high risk of tumor relapse in patients. Targeting CSCs thus constitute a determinant medical issue and identify novel players of SC plasticity is a prerequisite to open novel therapeutic avenues. Using ex vivo organoid cultures, we recently demonstrated that thyroid hormones (THs) reduce the pool of intestinal SCs by triggering premature cell differentiation. Even if the underlying mechanisms remain elusive, our preliminary results tend to demonstrate that the TH-induced loss of stemness relies on a profound modification of the ratio between TRα1 and TRβ1 (TRs), with deep consequences on the expression of WNT and NOTCH downstream target genes. My proposal will pave the way for a unique focal area in the field of CSCs. Combining original approaches such as ex vivo 3D human colosphere and organoid cultures, in vivo CSC tracing experiments as well as innovative proteome mapping techniques (BioID and APEX2) I aim to address the potential interest of disrupting the THs/TRs balance in order to enforce CSC differentiation with the final aim to eradicate them by conventional therapies. Furthermore and more importantly, by minoring CSC plasticity, it will strongly reduce their adaptability to stress conditions and limit escape mechanisms.","Kolorektal kanser (CRC), dünya çapında hem erkeklerde hem de kadınlarda en sık teşhis edilen üçüncü kanserdir. Bazı CRC'ler standart cerrahi, radyasyon ve / veya kemoterapi stratejisi ile etkili bir şekilde tedavi edilmesine rağmen, bazı hastalar kanserlerinin tekrarına ve yaşamı tehdit eden vücudun diğer bölgelerine yayılmaya sahiptir. On yıllarca süren araştırmalara rağmen, hangi kanserlerin etkili bir şekilde tedavi edileceğini ve hangilerinin yayılacağını tahmin edemiyoruz. Kanser kök hücrelerinin (SCS) konvansiyonel terapilere karşı iyi belgelenmiş direncini desteklemek için yüksek kök hücre (SC) imza puanları istatistiksel olarak hastalarda yüksek tümör nüksetme riski ile ilişkilidir. Bu nedenle CSC'leri hedeflemek belirleyici bir tıbbi sorun teşkil eder ve SC plastisitesinin yeni oyuncularını tanımlamak, yeni terapötik yolların açılması için bir ön koşuldur. Ex vivo organoid kültürleri kullanarak, son zamanlarda tiroid hormonlarının (TH'lerin) erken hücre farklılaşmasını tetikleyerek bağırsak SC'lerinin havuzunu azalttığını gösterdik. Altta yatan mekanizmalar zor olsa bile, ön sonuçlarımız, TH kaynaklı kök kaybının, TR1 ve TR1 (TR'ler) arasındaki oranın derin bir modifikasyonuna dayandığını ve WNT ve NOTCH alt hedef genlerinin ekspresyonu üzerinde derin sonuçlara yol açtığını gösterme eğilimindedir. Teklifim, CSC'ler alanında benzersiz bir odak alanının önünü açacaktır. Ex vivo 3D insan kolosferi ve organoid kültürleri gibi orijinal yaklaşımları, in vivo CSC izleme deneylerinin yanı sıra yenilikçi proteome haritalama tekniklerini (BioID ve APEX2) birleştirerek, geleneksel terapilerle CSC farklılaşmasını son hedefle uygulamak için THs/TRs dengesini bozmanın potansiyel ilgisini gidermeyi amaçlıyorum. Dahası ve daha da önemlisi, CSC plastisitesini küçülterek, stres koşullarına uyumlarını güçlü bir şekilde azaltacak ve kaçış mekanizmalarını sınırlayacaktır.",Helsinki-NLP/opus-mt-en-tr,pending,pending,pending,pending,Pending human expert translation review.
849229,validation,colors,5,colors;nanocrystals;optoelectronics;photons;quasiparticles,"The colloidal quantum dots (CQDs) are an emerging class of light-emitting compounds for solution-processed optoelectronics such as the light-emitting diodes (LEDs). Compared to the state-of-the-art compound semiconductors and organic light emitting diodes (OLED), the CQD-based LEDs possess extremely high color purity and low materials cost, representing the only feasible materials solution towards realization of the newly-defined Rec. 2020 standard for the next-generation displays. However, the theoretical upper limit of the device external quantum efficiency (EQE) is only ~20%, considerably lower than those in OLEDs and InGaN LEDs. The fundamental bottleneck is that it is not yet possible to control the emission directionality perpendicular to the substrate plane in the CQD superlattices, without compromising the photoluminescence quantum yield (PLQY). As a result, a lot of photons are wasted due to the total internal reflection (TIR) at the air/glass interface, as well as exciton quenching during interparticle energy transfer.In order to overcome the efficiency limitation, my research group pioneers synthesis, physics, and LED device of layer-controlled colloidal quantum wells (CQWs) of organic-inorganic hybrid lead halide perovskites (OIHPs), the two-dimensional nanocrystals of OIHP in colloidal solution. Our results have suggested that the materials system might be the ultimate solution for the quantum-dot based LEDs. We found that the CQWs possess: (i) the aggregation-induced emission (AIE) characteristics, boosting the film PLQY up to 97%, and (ii) the emission directionality (ED) perpendicular to the substrate plane in their self-assembled superlattices. Based on the new photophysical properties that have never been found in any other CQD systems, in this proposal, we aim to optimally utilize the characteristics of the AIE and ED, in order to realize high-efficiency and long-lifetime LED technology that can fulfill 100% Rec. 2020 color gamut.","Kolloidal kuantum noktaları (CQD'ler), ışık yayan diyotlar (LED'ler) gibi çözelti işlenmiş optoelektronikler için ortaya çıkan bir ışık yayan bileşikler sınıfıdır. Son teknoloji ürünü bileşik yarı iletkenler ve organik ışık yayan diyotlarla (OLED) karşılaştırıldığında, CQD tabanlı LED'ler son derece yüksek renk saflığına ve düşük malzeme maliyetine sahiptir ve yeni tanımlanmış Rec'in gerçekleştirilmesine yönelik tek uygulanabilir malzeme çözümünü temsil eder. Yeni nesil ekranlar için 2020 standardı. Bununla birlikte, cihazın harici kuantum verimliliğinin (EQE) teorik üst sınırı, OLED'lerdeki ve InGaN LED'lerdekinden çok daha düşük, sadece% 20  'dur. Temel darboğaz, fotolüminesans kuantum veriminden (PLQY) ödün vermeden, CQD süperlattiklerindeki substrat düzlemine dik emisyon yönünü kontrol etmenin henüz mümkün olmamasıdır. Sonuç olarak, hava / cam arayüzündeki toplam iç yansıma (TIR) ve parçacıklararası enerji aktarımı sırasında eksiton söndürme nedeniyle çok sayıda foton boşa harcanmaktadır.Verimlilik sınırlamasını aşmak için, araştırma grubum organik-inorganik hibrid kurşun halide perovskitlerin (OIHP-ikili) katman kontrollü kolloidal kuantum kuyularının (CQW) sentezine, fiziğine ve LED cihazına öncülük eder. Sonuçlarımız, malzeme sisteminin kuantum nokta tabanlı LED'ler için nihai çözüm olabileceğini öne sürdü. CQW'lerin sahip olduklarını bulduk: (i) agregasyon kaynaklı emisyon (AIE) özellikleri, PLQY filmini% 97'ye kadar yükseltmek ve (ii) kendi kendine monte edilmiş süperlattiklerinde substrat düzlemine dik emisyon yönelimi (ED). Başka hiçbir CQD sisteminde bulunmayan yeni fotofiziksel özelliklere dayanarak, bu öneride,% 100 Rec'i yerine getirebilecek yüksek verimli ve uzun ömürlü LED teknolojisini gerçekleştirmek için AIE ve ED'nin özelliklerini en iyi şekilde kullanmayı amaçlıyoruz. 2020 renk gamı.",Helsinki-NLP/opus-mt-en-tr,pending,pending,pending,pending,Pending human expert translation review.
716083,validation,combinatorics,5,combinatorics;fermions;graph_theory;mathematical_physics;statistics_and_probability,"The purpose of this project is to use the ubiquitous nature of certain combinatorial topological objects called maps in order to unveil deep connections between several areas of mathematics. Maps, that describe the embedding of a graph into a surface, appear in probability theory, mathematical physics, enumerative geometry or graph theory, and different combinatorial viewpoints on these objects have been developed in connection with each topic. The originality of our project will be to study these approaches together and to unify them.The outcome will be triple, as we will:1. build a new, well structured branch of combinatorics of which many existing results in different areas of enumerative and algebraic combinatorics are only first fruits;2. connect and unify several aspects of the domains related to it, most importantly between probability and integrable hierarchies thus proposing new directions, new tools and new results for each of them;3. export the tools of this unified framework to reach at new applications, especially in random graph theory and in a rising domain of algebraic combinatorics related to Tamari lattices.The methodology to reach the unification will be the study of some strategic interactions at different places involving topological expansions, that is to say, places where enumerative problems dealing with maps appear and their genus invariant plays a natural role, in particular: 1. the combinatorial theory of maps developped by the """"French school"""" of combinatorics, and the study of random maps; 2. the combinatorics of Fermions underlying the theory of KP and 2-Toda hierarchies; 3; the Eynard-Orantin ``topological recursion'' coming from mathematical physics.We present some key set of tasks in view of relating these different topics together. The pertinence of the approach is demonstrated by recent research of the principal investigator.""""","Bu projenin amacı, matematiğin çeşitli alanları arasındaki derin bağlantıları ortaya çıkarmak için haritalar adı verilen belirli kombinatoryal topolojik nesnelerin her yerde bulunan doğasını kullanmaktır. Bir grafiğin bir yüzeye gömülmesini tanımlayan haritalar, olasılık teorisinde, matematiksel fizikte, numaralandırıcı geometride veya grafik teorisinde görünür ve bu nesneler üzerinde her konuyla bağlantılı olarak farklı kombinasyonsal bakış açıları geliştirilmiştir. Projemizin özgünlüğü, bu yaklaşımları birlikte incelemek ve birleştirmek olacaktır.Sonuç üç olacaktır, çünkü 1: Bu iki noktanın birleştirilmesiyle ortaya çıkan farklı çalışma alanları ile ilgili temel teorilerin birleştirilmesiyle ortaya çıkan farklı bir temel alan teorisidir.Bu iki noktanın birleştirilmesiyle ortaya çıkan temel teoriler, iki noktanın farklı alanlardaki mevcut sonuçları sadece ilk meyvelerdir;2. bunlarla ilgili alanların çeşitli yönlerini birleştirin ve birleştirin, en önemlisi olasılık ve bütünlenebilir hiyerarşiler arasında yeni sonuçlar ortaya çıkarın. Yaklaşımın kalıcılığı, baş araştırmacının yakın zamanda yaptığı araştırmalarla gösterilmektedir.""",Helsinki-NLP/opus-mt-en-tr,pending,pending,pending,pending,Pending human expert translation review.
866607,validation,combined_heat_and_power,6,combined_heat_and_power;control_systems;fuel_cells;natural_gas;wind_energy,"Decentralized or distributed energy systems such as wind turbines, photovoltaic solar panels, fuel cells, cogeneration (or CHP) and many others present the invaluable advantage of providing electricity on-site, avoiding big losses in transport and making them much more efficient and sustainable than current old centralized power generation plants. In particular, micro cogeneration in the residential sector allows householders to produce their own electricity (that they can also export to the grid) and use by-product heat for heating and/or cooling, significantly reducing greenhouse emissions and saving primary energy. Their huge potential has been recognized by the EU, especially considering that households’ consumption accounts for 25.4% of total European energy consumption. We at MITIS, small Belgian technological enterprise, are committed to the development of efficient and clean micro CHP systems based on gas microturbines. We present FLAMINCO, a ground-breaking micro CHP boiler system designed to replace conventional domestic boilers in households, and that can be integrated in individual/community smart grids with other renewables. With its flameless combustion and our patented high efficiency heat exchanger, it delivers 1.5kWe power output and 6.5kWth thermal power with minimal NOx and CO emissions. Moreover, innovatively based on the Inverted Brayton Cycle, it does not require highly pressurized chambers and results therefore much less expensive to manufacture than its competitors. With this project, we aim to optimize FLAMINCO and start its large-scale market deployment. We believe it will foster economic growth at MITIS (we estimate 28.1M€ turnover and 68 new jobs by 2025) and our clients (mainly, energy and utilities companies), alongside a clear positive impact to environment (~25% savings of primary energy and reduction of 10-20% of total CO2 emissions for electricity generation), and to society, through the empowerment of energy consumers.","Rüzgar türbinleri, fotovoltaik güneş panelleri, yakıt hücreleri, kojenerasyon (veya CHP) ve diğerleri gibi merkezi olmayan veya dağıtılmış enerji sistemleri, yerinde elektrik sağlamanın, ulaşımda büyük kayıplardan kaçınmanın ve mevcut eski merkezi enerji üretim tesislerinden çok daha verimli ve sürdürülebilir hale getirmenin paha biçilmez avantajını sunmaktadır. Özellikle, konut sektöründeki mikro kojenerasyon, ev sahiplerinin kendi elektriklerini üretmelerine (ayrıca şebekeye ihraç edebilecekleri) ve ısıtma ve / veya soğutma için yan ürün ısısını kullanmalarına, sera emisyonlarını önemli ölçüde azaltmalarına ve birincil enerjiden tasarruf etmelerine olanak tanır. Büyük potansiyelleri, özellikle hane halkının tüketiminin toplam Avrupa enerji tüketiminin% 25,4'ünü oluşturduğu göz önüne alındığında, AB tarafından tanındı. Biz küçük Belçika teknolojik kuruluşu MITIS'te, gaz mikrotürbinlerine dayalı verimli ve temiz mikro CHP sistemlerinin geliştirilmesine kararlıyız. Evlerdeki geleneksel yerli kazanların yerini almak üzere tasarlanmış ve bireysel/toplumsal akıllı şebekelere diğer yenilenebilir enerji kaynaklarıyla entegre edilebilen çığır açan bir mikro CHP kazan sistemi olan FLAMINCO'yu sunuyoruz. Alevsiz yanması ve patentli yüksek verimli ısı eşanjörü ile 1.5kWe güç çıkışı ve minimum NOx ve CO emisyonları ile 6.5kWth termal güç sunar. Dahası, Ters Brayton Döngüsü'ne dayanan yenilikçi bir şekilde, yüksek basınçlı odalara ihtiyaç duymaz ve bu nedenle rakiplerine göre üretimi çok daha ucuzdur. Bu projeyle FLAMINCO'yu optimize etmeyi ve büyük ölçekli pazar dağıtımını başlatmayı amaçlıyoruz. MITIS'te ekonomik büyümeyi teşvik edeceğine inanıyoruz (28.1M ciro ve 2025'e kadar 68 yeni iş tahmin ediyoruz) ve müşterilerimiz (çoğunlukla enerji ve kamu hizmetleri şirketleri), çevre için net bir olumlu etkinin yanı sıra (öncelikli enerji tasarrufu ve elektrik üretimi için toplam CO2 emisyonlarının% 10-20'sinin azaltılması) ve enerji tüketicilerinin güçlendirilmesi yoluyla topluma.",Helsinki-NLP/opus-mt-en-tr,pending,pending,pending,pending,Pending human expert translation review.
679371,validation,commerce,6,commerce;databases;globalization;microeconomics;modern_history,"In the last decade the approaches of the global history have been emphasized in order to visualize the progress, form and method which historians have undertaken when carrying out ambitious research projects to analyse and compare diverse geographical and cultural areas of Asia and Europe. But when dealing with comparisons and cross-cultural studies in Europe and Asia, some scholarly works have exceeded of ambiguities when defining geographical units as well as chronology. In this project I examine perceptions and dialogues between China and Europe by analysing strategic geopolitical sites which fostered commerce, consumption and socioeconomic networks between China and Europe through a particular case study: Macau, connecting with South China, and Marseille in Mediterranean Europe. How did foreign merchant networks and trans-national communities of Macau and Marseille operate during the eighteenth century and contribute to somehow transfer respectively European and Chinese socio-cultural habits and forms in local population? What was the degree and channels of consumption of European goods in China and Chinese goods in Europe? These are the main questions to answer during my research to explore the bilateral Sino-European trade relations and how the trans-national dimension of exotic commodities changed tastes by creating a new type of global consumerism. Such concrete comparison can help to narrow the gap that some researchers have created when widely analysing differences between Asia and Europe without a specific geographical and chronological delineation. The major novelty of this project is based on the use of Chinese and European sources to study changes in consumer behaviour. The principal investigator of the project works in China which is and added value for the achievement of outstanding results. So the expected results will bring an obvious breakthrough by adding the specific part of the project in which each team member will work.","Son on yılda, tarihçilerin Asya ve Avrupa'nın çeşitli coğrafi ve kültürel alanlarını analiz etmek ve karşılaştırmak için iddialı araştırma projeleri yürütürken üstlendikleri ilerlemeyi, formu ve yöntemi görselleştirmek için küresel tarihin yaklaşımları vurgulanmıştır. Ancak Avrupa ve Asya'daki karşılaştırmalar ve kültürler arası çalışmalarla uğraşırken, bazı bilimsel çalışmalar coğrafi birimlerin yanı sıra kronolojiyi tanımlarken belirsizlikleri aşmıştır. Bu projede Çin ile Avrupa arasındaki algıları ve diyalogları, Çin ile Avrupa arasındaki ticaret, tüketim ve sosyoekonomik ağları teşvik eden stratejik jeopolitik siteleri belirli bir vaka çalışmasıyla analiz ederek inceliyorum: Güney Çin ile bağlantı kuran Makao ve Akdeniz Avrupa'da Marsilya. Yabancı ticaret ağları ve Macau ve Marsilya'nın uluslararası toplulukları on sekizinci yüzyılda nasıl faaliyet gösterdiler ve yerel nüfusta sırasıyla Avrupa ve Çin sosyo-kültürel alışkanlıklarının ve biçimlerinin aktarılmasına nasıl katkıda bulundular? Çin'deki Avrupa mallarının ve Avrupa'daki Çin mallarının tüketim derecesi ve kanalları neydi? Bunlar, ikili Çin-Avrupa ticaret ilişkilerini ve egzotik emtiaların uluslararası boyutunun yeni bir küresel tüketicilik türü yaratarak zevkleri nasıl değiştirdiğini araştırmak için yaptığım araştırmalar sırasında cevaplanması gereken temel sorulardır. Bu tür somut karşılaştırmalar, bazı araştırmacıların belirli bir coğrafi ve kronolojik tanımlama olmadan Asya ve Avrupa arasındaki farklılıkları geniş bir şekilde analiz ederken yarattığı boşluğu daraltmaya yardımcı olabilir. Bu projenin temel yeniliği, tüketici davranışlarındaki değişiklikleri incelemek için Çin ve Avrupa kaynaklarının kullanımına dayanmaktadır. Projenin baş araştırmacısı, olağanüstü sonuçların elde edilmesi için Çin'de çalışıyor ve katma değer sağlıyor. Bu nedenle beklenen sonuçlar, her bir ekip üyesinin çalışacağı projenin belirli bir bölümünü ekleyerek bariz bir atılım getirecektir.",Helsinki-NLP/opus-mt-en-tr,pending,pending,pending,pending,Pending human expert translation review.
829208,validation,comparative_morphology,5,comparative_morphology;entomology;hiv;laser_physics;mathematical_model,"Crickets and bush-crickets use their wings to produce a wide range of often impressively loud courtship songs highly variable in pitch and temporal patterns. The wings of these insects have evolved to be miniaturised and optimised resonators in order to radiate their highly amplified acoustic signals and therefore offer unique solutions for efficient, light-weight acoustic transducers.Here, I propose a novel combination of state-of-the-art bioacoustic and imaging techniques (among others, laser Doppler vibrometry and micro-computational tomography), comparative morphology and two independent but complementary mathematical modelling approaches (agent-based as well as finite element modelling) to investigate the biomechanic and bioacoustic system properties of cricket and bush-cricket wings. By applying these multidisciplinary techniques and methods to a variety of wings, I will derive mechano-acoustic system properties that will allow unravelling of the relationship between wing morphology and emerging resonance properties underlying sound production.The resulting knowledge, combined with modern modelling and simulation techniques and in silico artificial wing evolution towards desirable acoustic properties, will guide engineers in the acoustic design of innovative, biomimetic miniature loudspeakers as used in, e.g., hearing aids.Furthermore, the project results and the proposed scientific and transferable skills training will positively impact on my career development, contributing the building blocks of my future career as an independent, interdisciplinary researcher and future group leader, successfully combining bioacoustics and its evolution with bioinspired innovations for modern acoustic technologies.","Kriketler ve çalı kriketleri kanatlarını, perde ve zamansal desenlerde oldukça değişken olan çok çeşitli sık sık etkileyici bir şekilde yüksek sesli kur şarkıları üretmek için kullanırlar. Bu böceklerin kanatları, son derece güçlendirilmiş akustik sinyallerini yaymak ve bu nedenle verimli, hafif akustik transdüserler için benzersiz çözümler sunmak için küçültülmüş ve optimize edilmiş rezonatörler olarak evrimleşmiştir.Burada, son teknoloji biyoakustik ve görüntüleme tekniklerinin (diğerlerinin yanı sıra, lazer Doppler vibrometrisi ve mikro-bilgisayarlı element tomografisi), karşılaştırmalı morfoloji ve iki bağımsız ama tamamlayıcı matematiksel modelleme yaklaşımının yeni bir kombinasyonunu öneriyorum. Bu multidisipliner teknikleri ve yöntemleri çeşitli kanatlara uygulayarak, kanat morfolojisi ve ses üretiminin altında yatan rezonans özellikleri arasındaki ilişkinin çözülmesine izin verecek mekanik-akustik sistem özelliklerini türeteceğim.Sonuçlanan bilgi, modern modelleme ve simülasyon teknikleri ile birlikte ve silico yapay kanat evriminde arzu edilen akustik özelliklere doğru, yenilikçi, biyomimetik minyatür hoparlörlerin akustik tasarımında mühendislere başarılı bir şekilde rehberlik edecektir.",Helsinki-NLP/opus-mt-en-tr,pending,pending,pending,pending,Pending human expert translation review.
